FORMULARZ;WIERSZ;KOLUMNA;WARTOŚĆ
S.12.01.02.01;R0010;C0020;0.0
S.12.01.02.01;R0010;C0030;0.0
S.12.01.02.01;R0010;C0040;
S.12.01.02.01;R0010;C0050;
S.12.01.02.01;R0010;C0060;0.0
S.12.01.02.01;R0010;C0070;
S.12.01.02.01;R0010;C0080;
S.12.01.02.01;R0010;C0090;0.0
S.12.01.02.01;R0010;C0100;0.0
S.12.01.02.01;R0010;C0150;0.0
S.12.01.02.01;R0010;C0160;0.0
S.12.01.02.01;R0010;C0170;
S.12.01.02.01;R0010;C0180;
S.12.01.02.01;R0010;C0190;0.0
S.12.01.02.01;R0010;C0200;0.0
S.12.01.02.01;R0010;C0210;0.0
S.12.01.02.01;R0020;C0020;0.0
S.12.01.02.01;R0020;C0030;0.0
S.12.01.02.01;R0020;C0040;
S.12.01.02.01;R0020;C0050;
S.12.01.02.01;R0020;C0060;0.0
S.12.01.02.01;R0020;C0070;
S.12.01.02.01;R0020;C0080;
S.12.01.02.01;R0020;C0090;0.0
S.12.01.02.01;R0020;C0100;0.0
S.12.01.02.01;R0020;C0150;0.0
S.12.01.02.01;R0020;C0160;0.0
S.12.01.02.01;R0020;C0170;
S.12.01.02.01;R0020;C0180;
S.12.01.02.01;R0020;C0190;0.0
S.12.01.02.01;R0020;C0200;0.0
S.12.01.02.01;R0020;C0210;0.0
S.12.01.02.01;R0030;C0020;0.0
S.12.01.02.01;R0030;C0030;
S.12.01.02.01;R0030;C0040;0.0
S.12.01.02.01;R0030;C0050;0.0
S.12.01.02.01;R0030;C0060;
S.12.01.02.01;R0030;C0070;0.0
S.12.01.02.01;R0030;C0080;0.0
S.12.01.02.01;R0030;C0090;139924.0
S.12.01.02.01;R0030;C0100;0.0
S.12.01.02.01;R0030;C0150;139924.0
S.12.01.02.01;R0030;C0160;
S.12.01.02.01;R0030;C0170;0.0
S.12.01.02.01;R0030;C0180;0.0
S.12.01.02.01;R0030;C0190;0.0
S.12.01.02.01;R0030;C0200;0.0
S.12.01.02.01;R0030;C0210;0.0
S.12.01.02.01;R0080;C0020;0.0
S.12.01.02.01;R0080;C0030;
S.12.01.02.01;R0080;C0040;0.0
S.12.01.02.01;R0080;C0050;0.0
S.12.01.02.01;R0080;C0060;
S.12.01.02.01;R0080;C0070;0.0
S.12.01.02.01;R0080;C0080;0.0
S.12.01.02.01;R0080;C0090;48901.0
S.12.01.02.01;R0080;C0100;0.0
S.12.01.02.01;R0080;C0150;48901.0
S.12.01.02.01;R0080;C0160;
S.12.01.02.01;R0080;C0170;0.0
S.12.01.02.01;R0080;C0180;0.0
S.12.01.02.01;R0080;C0190;0.0
S.12.01.02.01;R0080;C0200;0.0
S.12.01.02.01;R0080;C0210;0.0
S.12.01.02.01;R0090;C0020;0.0
S.12.01.02.01;R0090;C0030;
S.12.01.02.01;R0090;C0040;0.0
S.12.01.02.01;R0090;C0050;0.0
S.12.01.02.01;R0090;C0060;
S.12.01.02.01;R0090;C0070;0.0
S.12.01.02.01;R0090;C0080;0.0
S.12.01.02.01;R0090;C0090;91023.0
S.12.01.02.01;R0090;C0100;0.0
S.12.01.02.01;R0090;C0150;91023.0
S.12.01.02.01;R0090;C0160;
S.12.01.02.01;R0090;C0170;0.0
S.12.01.02.01;R0090;C0180;0.0
S.12.01.02.01;R0090;C0190;0.0
S.12.01.02.01;R0090;C0200;0.0
S.12.01.02.01;R0090;C0210;0.0
S.12.01.02.01;R0100;C0020;0.0
S.12.01.02.01;R0100;C0030;0.0
S.12.01.02.01;R0100;C0040;
S.12.01.02.01;R0100;C0050;
S.12.01.02.01;R0100;C0060;0.0
S.12.01.02.01;R0100;C0070;
S.12.01.02.01;R0100;C0080;
S.12.01.02.01;R0100;C0090;855.0
S.12.01.02.01;R0100;C0100;0.0
S.12.01.02.01;R0100;C0150;855.0
S.12.01.02.01;R0100;C0160;
S.12.01.02.01;R0100;C0170;
S.12.01.02.01;R0100;C0180;
S.12.01.02.01;R0100;C0190;0.0
S.12.01.02.01;R0100;C0200;0.0
S.12.01.02.01;R0100;C0210;0.0
S.12.01.02.01;R0110;C0020;0.0
S.12.01.02.01;R0110;C0030;0.0
S.12.01.02.01;R0110;C0040;
S.12.01.02.01;R0110;C0050;
S.12.01.02.01;R0110;C0060;0.0
S.12.01.02.01;R0110;C0070;0.0
S.12.01.02.01;R0110;C0080;0.0
S.12.01.02.01;R0110;C0090;0.0
S.12.01.02.01;R0110;C0100;0.0
S.12.01.02.01;R0110;C0150;0.0
S.12.01.02.01;R0110;C0160;
S.12.01.02.01;R0110;C0170;
S.12.01.02.01;R0110;C0180;
S.12.01.02.01;R0110;C0190;0.0
S.12.01.02.01;R0110;C0200;0.0
S.12.01.02.01;R0110;C0210;0.0
S.12.01.02.01;R0120;C0020;0.0
S.12.01.02.01;R0120;C0030;
S.12.01.02.01;R0120;C0040;0.0
S.12.01.02.01;R0120;C0050;0.0
S.12.01.02.01;R0120;C0060;
S.12.01.02.01;R0120;C0070;0.0
S.12.01.02.01;R0120;C0080;0.0
S.12.01.02.01;R0120;C0090;0.0
S.12.01.02.01;R0120;C0100;0.0
S.12.01.02.01;R0120;C0150;0.0
S.12.01.02.01;R0120;C0160;
S.12.01.02.01;R0120;C0170;0.0
S.12.01.02.01;R0120;C0180;0.0
S.12.01.02.01;R0120;C0190;0.0
S.12.01.02.01;R0120;C0200;0.0
S.12.01.02.01;R0120;C0210;0.0
S.12.01.02.01;R0130;C0020;0.0
S.12.01.02.01;R0130;C0030;0.0
S.12.01.02.01;R0130;C0040;
S.12.01.02.01;R0130;C0050;
S.12.01.02.01;R0130;C0060;0.0
S.12.01.02.01;R0130;C0070;
S.12.01.02.01;R0130;C0080;
S.12.01.02.01;R0130;C0090;0.0
S.12.01.02.01;R0130;C0100;0.0
S.12.01.02.01;R0130;C0150;0.0
S.12.01.02.01;R0130;C0160;0.0
S.12.01.02.01;R0130;C0170;
S.12.01.02.01;R0130;C0180;
S.12.01.02.01;R0130;C0190;0.0
S.12.01.02.01;R0130;C0200;0.0
S.12.01.02.01;R0130;C0210;0.0
S.12.01.02.01;R0200;C0020;0.0
S.12.01.02.01;R0200;C0030;0.0
S.12.01.02.01;R0200;C0040;
S.12.01.02.01;R0200;C0050;
S.12.01.02.01;R0200;C0060;0.0
S.12.01.02.01;R0200;C0070;
S.12.01.02.01;R0200;C0080;
S.12.01.02.01;R0200;C0090;140779.0
S.12.01.02.01;R0200;C0100;0.0
S.12.01.02.01;R0200;C0150;140779.0
S.12.01.02.01;R0200;C0160;0.0
S.12.01.02.01;R0200;C0170;
S.12.01.02.01;R0200;C0180;
S.12.01.02.01;R0200;C0190;0.0
S.12.01.02.01;R0200;C0200;0.0
S.12.01.02.01;R0200;C0210;0.0
S.17.01.02.01;R0010;C0020;0.0
S.17.01.02.01;R0010;C0030;0.0
S.17.01.02.01;R0010;C0040;0.0
S.17.01.02.01;R0010;C0050;0.0
S.17.01.02.01;R0010;C0060;0.0
S.17.01.02.01;R0010;C0070;0.0
S.17.01.02.01;R0010;C0080;0.0
S.17.01.02.01;R0010;C0090;0.0
S.17.01.02.01;R0010;C0100;0.0
S.17.01.02.01;R0010;C0110;
S.17.01.02.01;R0010;C0120;
S.17.01.02.01;R0010;C0130;
S.17.01.02.01;R0010;C0140;
S.17.01.02.01;R0010;C0150;
S.17.01.02.01;R0010;C0160;
S.17.01.02.01;R0010;C0170;
S.17.01.02.01;R0010;C0180;
S.17.01.02.01;R0050;C0020;0.0
S.17.01.02.01;R0050;C0030;0.0
S.17.01.02.01;R0050;C0040;0.0
S.17.01.02.01;R0050;C0050;0.0
S.17.01.02.01;R0050;C0060;0.0
S.17.01.02.01;R0050;C0070;0.0
S.17.01.02.01;R0050;C0080;0.0
S.17.01.02.01;R0050;C0090;0.0
S.17.01.02.01;R0050;C0100;0.0
S.17.01.02.01;R0050;C0110;
S.17.01.02.01;R0050;C0120;
S.17.01.02.01;R0050;C0130;
S.17.01.02.01;R0050;C0140;
S.17.01.02.01;R0050;C0150;
S.17.01.02.01;R0050;C0160;
S.17.01.02.01;R0050;C0170;
S.17.01.02.01;R0050;C0180;
S.17.01.02.01;R0060;C0020;898.0
S.17.01.02.01;R0060;C0030;6471.0
S.17.01.02.01;R0060;C0040;0.0
S.17.01.02.01;R0060;C0050;125790.0
S.17.01.02.01;R0060;C0060;257791.0
S.17.01.02.01;R0060;C0070;527.0
S.17.01.02.01;R0060;C0080;87816.0
S.17.01.02.01;R0060;C0090;28596.0
S.17.01.02.01;R0060;C0100;5365.0
S.17.01.02.01;R0060;C0110;
S.17.01.02.01;R0060;C0120;
S.17.01.02.01;R0060;C0130;
S.17.01.02.01;R0060;C0140;
S.17.01.02.01;R0060;C0150;
S.17.01.02.01;R0060;C0160;
S.17.01.02.01;R0060;C0170;
S.17.01.02.01;R0060;C0180;
S.17.01.02.01;R0140;C0020;190.0
S.17.01.02.01;R0140;C0030;104.0
S.17.01.02.01;R0140;C0040;0.0
S.17.01.02.01;R0140;C0050;-869.0
S.17.01.02.01;R0140;C0060;-1758.0
S.17.01.02.01;R0140;C0070;-150.0
S.17.01.02.01;R0140;C0080;-3324.0
S.17.01.02.01;R0140;C0090;-6262.0
S.17.01.02.01;R0140;C0100;1625.0
S.17.01.02.01;R0140;C0110;
S.17.01.02.01;R0140;C0120;
S.17.01.02.01;R0140;C0130;
S.17.01.02.01;R0140;C0140;
S.17.01.02.01;R0140;C0150;
S.17.01.02.01;R0140;C0160;
S.17.01.02.01;R0140;C0170;
S.17.01.02.01;R0140;C0180;
S.17.01.02.01;R0150;C0020;708.0
S.17.01.02.01;R0150;C0030;6367.0
S.17.01.02.01;R0150;C0040;0.0
S.17.01.02.01;R0150;C0050;126658.0
S.17.01.02.01;R0150;C0060;259549.0
S.17.01.02.01;R0150;C0070;677.0
S.17.01.02.01;R0150;C0080;91139.0
S.17.01.02.01;R0150;C0090;34858.0
S.17.01.02.01;R0150;C0100;3739.0
S.17.01.02.01;R0150;C0110;
S.17.01.02.01;R0150;C0120;
S.17.01.02.01;R0150;C0130;
S.17.01.02.01;R0150;C0140;
S.17.01.02.01;R0150;C0150;
S.17.01.02.01;R0150;C0160;
S.17.01.02.01;R0150;C0170;
S.17.01.02.01;R0150;C0180;
S.17.01.02.01;R0160;C0020;17851.0
S.17.01.02.01;R0160;C0030;9771.0
S.17.01.02.01;R0160;C0040;0.0
S.17.01.02.01;R0160;C0050;720284.0
S.17.01.02.01;R0160;C0060;161133.0
S.17.01.02.01;R0160;C0070;20102.0
S.17.01.02.01;R0160;C0080;309826.0
S.17.01.02.01;R0160;C0090;326883.0
S.17.01.02.01;R0160;C0100;14007.0
S.17.01.02.01;R0160;C0110;
S.17.01.02.01;R0160;C0120;
S.17.01.02.01;R0160;C0130;
S.17.01.02.01;R0160;C0140;
S.17.01.02.01;R0160;C0150;
S.17.01.02.01;R0160;C0160;
S.17.01.02.01;R0160;C0170;
S.17.01.02.01;R0160;C0180;
S.17.01.02.01;R0240;C0020;15394.0
S.17.01.02.01;R0240;C0030;1058.0
S.17.01.02.01;R0240;C0040;0.0
S.17.01.02.01;R0240;C0050;51046.0
S.17.01.02.01;R0240;C0060;812.0
S.17.01.02.01;R0240;C0070;11312.0
S.17.01.02.01;R0240;C0080;72626.0
S.17.01.02.01;R0240;C0090;65439.0
S.17.01.02.01;R0240;C0100;5215.0
S.17.01.02.01;R0240;C0110;
S.17.01.02.01;R0240;C0120;
S.17.01.02.01;R0240;C0130;
S.17.01.02.01;R0240;C0140;
S.17.01.02.01;R0240;C0150;
S.17.01.02.01;R0240;C0160;
S.17.01.02.01;R0240;C0170;
S.17.01.02.01;R0240;C0180;
S.17.01.02.01;R0250;C0020;2456.0
S.17.01.02.01;R0250;C0030;8713.0
S.17.01.02.01;R0250;C0040;0.0
S.17.01.02.01;R0250;C0050;669239.0
S.17.01.02.01;R0250;C0060;160321.0
S.17.01.02.01;R0250;C0070;8790.0
S.17.01.02.01;R0250;C0080;237200.0
S.17.01.02.01;R0250;C0090;261444.0
S.17.01.02.01;R0250;C0100;8792.0
S.17.01.02.01;R0250;C0110;
S.17.01.02.01;R0250;C0120;
S.17.01.02.01;R0250;C0130;
S.17.01.02.01;R0250;C0140;
S.17.01.02.01;R0250;C0150;
S.17.01.02.01;R0250;C0160;
S.17.01.02.01;R0250;C0170;
S.17.01.02.01;R0250;C0180;
S.17.01.02.01;R0260;C0020;18749.0
S.17.01.02.01;R0260;C0030;16242.0
S.17.01.02.01;R0260;C0040;0.0
S.17.01.02.01;R0260;C0050;846074.0
S.17.01.02.01;R0260;C0060;418924.0
S.17.01.02.01;R0260;C0070;20630.0
S.17.01.02.01;R0260;C0080;397642.0
S.17.01.02.01;R0260;C0090;355479.0
S.17.01.02.01;R0260;C0100;19371.0
S.17.01.02.01;R0260;C0110;
S.17.01.02.01;R0260;C0120;
S.17.01.02.01;R0260;C0130;
S.17.01.02.01;R0260;C0140;
S.17.01.02.01;R0260;C0150;
S.17.01.02.01;R0260;C0160;
S.17.01.02.01;R0260;C0170;
S.17.01.02.01;R0260;C0180;
S.17.01.02.01;R0270;C0020;3164.0
S.17.01.02.01;R0270;C0030;15080.0
S.17.01.02.01;R0270;C0040;0.0
S.17.01.02.01;R0270;C0050;795897.0
S.17.01.02.01;R0270;C0060;419870.0
S.17.01.02.01;R0270;C0070;9467.0
S.17.01.02.01;R0270;C0080;328339.0
S.17.01.02.01;R0270;C0090;296302.0
S.17.01.02.01;R0270;C0100;12531.0
S.17.01.02.01;R0270;C0110;
S.17.01.02.01;R0270;C0120;
S.17.01.02.01;R0270;C0130;
S.17.01.02.01;R0270;C0140;
S.17.01.02.01;R0270;C0150;
S.17.01.02.01;R0270;C0160;
S.17.01.02.01;R0270;C0170;
S.17.01.02.01;R0270;C0180;
S.17.01.02.01;R0280;C0020;254.0
S.17.01.02.01;R0280;C0030;2533.0
S.17.01.02.01;R0280;C0040;0.0
S.17.01.02.01;R0280;C0050;27219.0
S.17.01.02.01;R0280;C0060;20527.0
S.17.01.02.01;R0280;C0070;265.0
S.17.01.02.01;R0280;C0080;19159.0
S.17.01.02.01;R0280;C0090;12666.0
S.17.01.02.01;R0280;C0100;544.0
S.17.01.02.01;R0280;C0110;
S.17.01.02.01;R0280;C0120;
S.17.01.02.01;R0280;C0130;
S.17.01.02.01;R0280;C0140;
S.17.01.02.01;R0280;C0150;
S.17.01.02.01;R0280;C0160;
S.17.01.02.01;R0280;C0170;
S.17.01.02.01;R0280;C0180;
S.17.01.02.01;R0290;C0020;0.0
S.17.01.02.01;R0290;C0030;0.0
S.17.01.02.01;R0290;C0040;0.0
S.17.01.02.01;R0290;C0050;0.0
S.17.01.02.01;R0290;C0060;0.0
S.17.01.02.01;R0290;C0070;0.0
S.17.01.02.01;R0290;C0080;0.0
S.17.01.02.01;R0290;C0090;0.0
S.17.01.02.01;R0290;C0100;0.0
S.17.01.02.01;R0290;C0110;
S.17.01.02.01;R0290;C0120;
S.17.01.02.01;R0290;C0130;
S.17.01.02.01;R0290;C0140;
S.17.01.02.01;R0290;C0150;
S.17.01.02.01;R0290;C0160;
S.17.01.02.01;R0290;C0170;
S.17.01.02.01;R0290;C0180;
S.17.01.02.01;R0300;C0020;0.0
S.17.01.02.01;R0300;C0030;0.0
S.17.01.02.01;R0300;C0040;0.0
S.17.01.02.01;R0300;C0050;0.0
S.17.01.02.01;R0300;C0060;0.0
S.17.01.02.01;R0300;C0070;0.0
S.17.01.02.01;R0300;C0080;0.0
S.17.01.02.01;R0300;C0090;0.0
S.17.01.02.01;R0300;C0100;0.0
S.17.01.02.01;R0300;C0110;
S.17.01.02.01;R0300;C0120;
S.17.01.02.01;R0300;C0130;
S.17.01.02.01;R0300;C0140;
S.17.01.02.01;R0300;C0150;
S.17.01.02.01;R0300;C0160;
S.17.01.02.01;R0300;C0170;
S.17.01.02.01;R0300;C0180;
S.17.01.02.01;R0310;C0020;0.0
S.17.01.02.01;R0310;C0030;0.0
S.17.01.02.01;R0310;C0040;0.0
S.17.01.02.01;R0310;C0050;0.0
S.17.01.02.01;R0310;C0060;0.0
S.17.01.02.01;R0310;C0070;0.0
S.17.01.02.01;R0310;C0080;0.0
S.17.01.02.01;R0310;C0090;0.0
S.17.01.02.01;R0310;C0100;0.0
S.17.01.02.01;R0310;C0110;
S.17.01.02.01;R0310;C0120;
S.17.01.02.01;R0310;C0130;
S.17.01.02.01;R0310;C0140;
S.17.01.02.01;R0310;C0150;
S.17.01.02.01;R0310;C0160;
S.17.01.02.01;R0310;C0170;
S.17.01.02.01;R0310;C0180;
S.17.01.02.01;R0320;C0020;19003.0
S.17.01.02.01;R0320;C0030;18775.0
S.17.01.02.01;R0320;C0040;0.0
S.17.01.02.01;R0320;C0050;873293.0
S.17.01.02.01;R0320;C0060;439451.0
S.17.01.02.01;R0320;C0070;20895.0
S.17.01.02.01;R0320;C0080;416801.0
S.17.01.02.01;R0320;C0090;368145.0
S.17.01.02.01;R0320;C0100;19916.0
S.17.01.02.01;R0320;C0110;
S.17.01.02.01;R0320;C0120;
S.17.01.02.01;R0320;C0130;
S.17.01.02.01;R0320;C0140;
S.17.01.02.01;R0320;C0150;
S.17.01.02.01;R0320;C0160;
S.17.01.02.01;R0320;C0170;
S.17.01.02.01;R0320;C0180;
S.17.01.02.01;R0330;C0020;15585.0
S.17.01.02.01;R0330;C0030;1162.0
S.17.01.02.01;R0330;C0040;0.0
S.17.01.02.01;R0330;C0050;50177.0
S.17.01.02.01;R0330;C0060;-946.0
S.17.01.02.01;R0330;C0070;11163.0
S.17.01.02.01;R0330;C0080;69302.0
S.17.01.02.01;R0330;C0090;59177.0
S.17.01.02.01;R0330;C0100;6841.0
S.17.01.02.01;R0330;C0110;
S.17.01.02.01;R0330;C0120;
S.17.01.02.01;R0330;C0130;
S.17.01.02.01;R0330;C0140;
S.17.01.02.01;R0330;C0150;
S.17.01.02.01;R0330;C0160;
S.17.01.02.01;R0330;C0170;
S.17.01.02.01;R0330;C0180;
S.17.01.02.01;R0340;C0020;3418.0
S.17.01.02.01;R0340;C0030;17613.0
S.17.01.02.01;R0340;C0040;0.0
S.17.01.02.01;R0340;C0050;823116.0
S.17.01.02.01;R0340;C0060;440397.0
S.17.01.02.01;R0340;C0070;9732.0
S.17.01.02.01;R0340;C0080;347499.0
S.17.01.02.01;R0340;C0090;308968.0
S.17.01.02.01;R0340;C0100;13075.0
S.17.01.02.01;R0340;C0110;
S.17.01.02.01;R0340;C0120;
S.17.01.02.01;R0340;C0130;
S.17.01.02.01;R0340;C0140;
S.17.01.02.01;R0340;C0150;
S.17.01.02.01;R0340;C0160;
S.17.01.02.01;R0340;C0170;
S.17.01.02.01;R0340;C0180;
S.19.01.21.01;R0100;C0010;
S.19.01.21.01;R0100;C0020;
S.19.01.21.01;R0100;C0030;
S.19.01.21.01;R0100;C0040;
S.19.01.21.01;R0100;C0050;
S.19.01.21.01;R0100;C0060;
S.19.01.21.01;R0100;C0070;
S.19.01.21.01;R0100;C0080;
S.19.01.21.01;R0100;C0090;
S.19.01.21.01;R0100;C0100;
S.19.01.21.01;R0100;C0110;4521.0
S.19.01.21.01;R0160;C0010;729292.0
S.19.01.21.01;R0160;C0020;218099.0
S.19.01.21.01;R0160;C0030;32318.0
S.19.01.21.01;R0160;C0040;17884.0
S.19.01.21.01;R0160;C0050;9826.0
S.19.01.21.01;R0160;C0060;7735.0
S.19.01.21.01;R0160;C0070;5116.0
S.19.01.21.01;R0160;C0080;5461.0
S.19.01.21.01;R0160;C0090;5824.0
S.19.01.21.01;R0160;C0100;142.0
S.19.01.21.01;R0160;C0110;
S.19.01.21.01;R0170;C0010;714382.0
S.19.01.21.01;R0170;C0020;232871.0
S.19.01.21.01;R0170;C0030;39255.0
S.19.01.21.01;R0170;C0040;39848.0
S.19.01.21.01;R0170;C0050;11801.0
S.19.01.21.01;R0170;C0060;7022.0
S.19.01.21.01;R0170;C0070;7744.0
S.19.01.21.01;R0170;C0080;4958.0
S.19.01.21.01;R0170;C0090;2605.0
S.19.01.21.01;R0170;C0100;
S.19.01.21.01;R0170;C0110;
S.19.01.21.01;R0180;C0010;769910.0
S.19.01.21.01;R0180;C0020;232951.0
S.19.01.21.01;R0180;C0030;42556.0
S.19.01.21.01;R0180;C0040;26758.0
S.19.01.21.01;R0180;C0050;14003.0
S.19.01.21.01;R0180;C0060;23320.0
S.19.01.21.01;R0180;C0070;9600.0
S.19.01.21.01;R0180;C0080;14891.0
S.19.01.21.01;R0180;C0090;
S.19.01.21.01;R0180;C0100;
S.19.01.21.01;R0180;C0110;
S.19.01.21.01;R0190;C0010;797679.0
S.19.01.21.01;R0190;C0020;266492.0
S.19.01.21.01;R0190;C0030;46597.0
S.19.01.21.01;R0190;C0040;28338.0
S.19.01.21.01;R0190;C0050;24731.0
S.19.01.21.01;R0190;C0060;13909.0
S.19.01.21.01;R0190;C0070;6231.0
S.19.01.21.01;R0190;C0080;
S.19.01.21.01;R0190;C0090;
S.19.01.21.01;R0190;C0100;
S.19.01.21.01;R0190;C0110;
S.19.01.21.01;R0200;C0010;772117.0
S.19.01.21.01;R0200;C0020;259721.0
S.19.01.21.01;R0200;C0030;45558.0
S.19.01.21.01;R0200;C0040;43574.0
S.19.01.21.01;R0200;C0050;16785.0
S.19.01.21.01;R0200;C0060;12501.0
S.19.01.21.01;R0200;C0070;
S.19.01.21.01;R0200;C0080;
S.19.01.21.01;R0200;C0090;
S.19.01.21.01;R0200;C0100;
S.19.01.21.01;R0200;C0110;
S.19.01.21.01;R0210;C0010;697226.0
S.19.01.21.01;R0210;C0020;279240.0
S.19.01.21.01;R0210;C0030;40176.0
S.19.01.21.01;R0210;C0040;22257.0
S.19.01.21.01;R0210;C0050;13186.0
S.19.01.21.01;R0210;C0060;
S.19.01.21.01;R0210;C0070;
S.19.01.21.01;R0210;C0080;
S.19.01.21.01;R0210;C0090;
S.19.01.21.01;R0210;C0100;
S.19.01.21.01;R0210;C0110;
S.19.01.21.01;R0220;C0010;984890.0
S.19.01.21.01;R0220;C0020;300414.0
S.19.01.21.01;R0220;C0030;40312.0
S.19.01.21.01;R0220;C0040;19155.0
S.19.01.21.01;R0220;C0050;
S.19.01.21.01;R0220;C0060;
S.19.01.21.01;R0220;C0070;
S.19.01.21.01;R0220;C0080;
S.19.01.21.01;R0220;C0090;
S.19.01.21.01;R0220;C0100;
S.19.01.21.01;R0220;C0110;
S.19.01.21.01;R0230;C0010;755064.0
S.19.01.21.01;R0230;C0020;232358.0
S.19.01.21.01;R0230;C0030;23490.0
S.19.01.21.01;R0230;C0040;
S.19.01.21.01;R0230;C0050;
S.19.01.21.01;R0230;C0060;
S.19.01.21.01;R0230;C0070;
S.19.01.21.01;R0230;C0080;
S.19.01.21.01;R0230;C0090;
S.19.01.21.01;R0230;C0100;
S.19.01.21.01;R0230;C0110;
S.19.01.21.01;R0240;C0010;783403.0
S.19.01.21.01;R0240;C0020;272029.0
S.19.01.21.01;R0240;C0030;
S.19.01.21.01;R0240;C0040;
S.19.01.21.01;R0240;C0050;
S.19.01.21.01;R0240;C0060;
S.19.01.21.01;R0240;C0070;
S.19.01.21.01;R0240;C0080;
S.19.01.21.01;R0240;C0090;
S.19.01.21.01;R0240;C0100;
S.19.01.21.01;R0240;C0110;
S.19.01.21.01;R0250;C0010;740912.0
S.19.01.21.01;R0250;C0020;
S.19.01.21.01;R0250;C0030;
S.19.01.21.01;R0250;C0040;
S.19.01.21.01;R0250;C0050;
S.19.01.21.01;R0250;C0060;
S.19.01.21.01;R0250;C0070;
S.19.01.21.01;R0250;C0080;
S.19.01.21.01;R0250;C0090;
S.19.01.21.01;R0250;C0100;
S.19.01.21.01;R0250;C0110;
S.19.01.21.02;R0100;C0170;4521.0
S.19.01.21.02;R0100;C0180;4521.0
S.19.01.21.02;R0160;C0170;142.0
S.19.01.21.02;R0160;C0180;1031696.0
S.19.01.21.02;R0170;C0170;2605.0
S.19.01.21.02;R0170;C0180;1060484.0
S.19.01.21.02;R0180;C0170;14891.0
S.19.01.21.02;R0180;C0180;1133989.0
S.19.01.21.02;R0190;C0170;6231.0
S.19.01.21.02;R0190;C0180;1183976.0
S.19.01.21.02;R0200;C0170;12501.0
S.19.01.21.02;R0200;C0180;1150257.0
S.19.01.21.02;R0210;C0170;13186.0
S.19.01.21.02;R0210;C0180;1052085.0
S.19.01.21.02;R0220;C0170;19155.0
S.19.01.21.02;R0220;C0180;1344770.0
S.19.01.21.02;R0230;C0170;23490.0
S.19.01.21.02;R0230;C0180;1010911.0
S.19.01.21.02;R0240;C0170;272029.0
S.19.01.21.02;R0240;C0180;1055431.0
S.19.01.21.02;R0250;C0170;740912.0
S.19.01.21.02;R0250;C0180;740912.0
S.19.01.21.02;R0260;C0170;1109663.0
S.19.01.21.02;R0260;C0180;10769032.0
S.19.01.21.03;R0100;C0200;
S.19.01.21.03;R0100;C0210;
S.19.01.21.03;R0100;C0220;
S.19.01.21.03;R0100;C0230;
S.19.01.21.03;R0100;C0240;
S.19.01.21.03;R0100;C0250;
S.19.01.21.03;R0100;C0260;
S.19.01.21.03;R0100;C0270;
S.19.01.21.03;R0100;C0280;
S.19.01.21.03;R0100;C0290;
S.19.01.21.03;R0100;C0300;220693.0
S.19.01.21.03;R0160;C0200;399205.0
S.19.01.21.03;R0160;C0210;159214.0
S.19.01.21.03;R0160;C0220;105511.0
S.19.01.21.03;R0160;C0230;95520.0
S.19.01.21.03;R0160;C0240;81210.0
S.19.01.21.03;R0160;C0250;68208.0
S.19.01.21.03;R0160;C0260;64445.0
S.19.01.21.03;R0160;C0270;54727.0
S.19.01.21.03;R0160;C0280;46535.0
S.19.01.21.03;R0160;C0290;40515.0
S.19.01.21.03;R0160;C0300;
S.19.01.21.03;R0170;C0200;445473.0
S.19.01.21.03;R0170;C0210;194187.0
S.19.01.21.03;R0170;C0220;165990.0
S.19.01.21.03;R0170;C0230;109919.0
S.19.01.21.03;R0170;C0240;100611.0
S.19.01.21.03;R0170;C0250;81914.0
S.19.01.21.03;R0170;C0260;71905.0
S.19.01.21.03;R0170;C0270;69500.0
S.19.01.21.03;R0170;C0280;58438.0
S.19.01.21.03;R0170;C0290;
S.19.01.21.03;R0170;C0300;
S.19.01.21.03;R0180;C0200;429183.0
S.19.01.21.03;R0180;C0210;247765.0
S.19.01.21.03;R0180;C0220;166724.0
S.19.01.21.03;R0180;C0230;148055.0
S.19.01.21.03;R0180;C0240;147235.0
S.19.01.21.03;R0180;C0250;111924.0
S.19.01.21.03;R0180;C0260;104430.0
S.19.01.21.03;R0180;C0270;80210.0
S.19.01.21.03;R0180;C0280;
S.19.01.21.03;R0180;C0290;
S.19.01.21.03;R0180;C0300;
S.19.01.21.03;R0190;C0200;533369.0
S.19.01.21.03;R0190;C0210;262813.0
S.19.01.21.03;R0190;C0220;177467.0
S.19.01.21.03;R0190;C0230;146057.0
S.19.01.21.03;R0190;C0240;126071.0
S.19.01.21.03;R0190;C0250;106739.0
S.19.01.21.03;R0190;C0260;102210.0
S.19.01.21.03;R0190;C0270;
S.19.01.21.03;R0190;C0280;
S.19.01.21.03;R0190;C0290;
S.19.01.21.03;R0190;C0300;
S.19.01.21.03;R0200;C0200;589742.0
S.19.01.21.03;R0200;C0210;278793.0
S.19.01.21.03;R0200;C0220;210643.0
S.19.01.21.03;R0200;C0230;165268.0
S.19.01.21.03;R0200;C0240;136490.0
S.19.01.21.03;R0200;C0250;109568.0
S.19.01.21.03;R0200;C0260;
S.19.01.21.03;R0200;C0270;
S.19.01.21.03;R0200;C0280;
S.19.01.21.03;R0200;C0290;
S.19.01.21.03;R0200;C0300;
S.19.01.21.03;R0210;C0200;581635.0
S.19.01.21.03;R0210;C0210;283364.0
S.19.01.21.03;R0210;C0220;224035.0
S.19.01.21.03;R0210;C0230;148901.0
S.19.01.21.03;R0210;C0240;141585.0
S.19.01.21.03;R0210;C0250;
S.19.01.21.03;R0210;C0260;
S.19.01.21.03;R0210;C0270;
S.19.01.21.03;R0210;C0280;
S.19.01.21.03;R0210;C0290;
S.19.01.21.03;R0210;C0300;
S.19.01.21.03;R0220;C0200;635751.0
S.19.01.21.03;R0220;C0210;279368.0
S.19.01.21.03;R0220;C0220;209419.0
S.19.01.21.03;R0220;C0230;181256.0
S.19.01.21.03;R0220;C0240;
S.19.01.21.03;R0220;C0250;
S.19.01.21.03;R0220;C0260;
S.19.01.21.03;R0220;C0270;
S.19.01.21.03;R0220;C0280;
S.19.01.21.03;R0220;C0290;
S.19.01.21.03;R0220;C0300;
S.19.01.21.03;R0230;C0200;548352.0
S.19.01.21.03;R0230;C0210;262436.0
S.19.01.21.03;R0230;C0220;225871.0
S.19.01.21.03;R0230;C0230;
S.19.01.21.03;R0230;C0240;
S.19.01.21.03;R0230;C0250;
S.19.01.21.03;R0230;C0260;
S.19.01.21.03;R0230;C0270;
S.19.01.21.03;R0230;C0280;
S.19.01.21.03;R0230;C0290;
S.19.01.21.03;R0230;C0300;
S.19.01.21.03;R0240;C0200;536161.0
S.19.01.21.03;R0240;C0210;260947.0
S.19.01.21.03;R0240;C0220;
S.19.01.21.03;R0240;C0230;
S.19.01.21.03;R0240;C0240;
S.19.01.21.03;R0240;C0250;
S.19.01.21.03;R0240;C0260;
S.19.01.21.03;R0240;C0270;
S.19.01.21.03;R0240;C0280;
S.19.01.21.03;R0240;C0290;
S.19.01.21.03;R0240;C0300;
S.19.01.21.03;R0250;C0200;541143.0
S.19.01.21.03;R0250;C0210;
S.19.01.21.03;R0250;C0220;
S.19.01.21.03;R0250;C0230;
S.19.01.21.03;R0250;C0240;
S.19.01.21.03;R0250;C0250;
S.19.01.21.03;R0250;C0260;
S.19.01.21.03;R0250;C0270;
S.19.01.21.03;R0250;C0280;
S.19.01.21.03;R0250;C0290;
S.19.01.21.03;R0250;C0300;
S.19.01.21.04;R0100;C0360;190083.0
S.19.01.21.04;R0160;C0360;33350.0
S.19.01.21.04;R0170;C0360;48250.0
S.19.01.21.04;R0180;C0360;63193.0
S.19.01.21.04;R0190;C0360;81096.0
S.19.01.21.04;R0200;C0360;87459.0
S.19.01.21.04;R0210;C0360;113303.0
S.19.01.21.04;R0220;C0360;145102.0
S.19.01.21.04;R0230;C0360;182055.0
S.19.01.21.04;R0240;C0360;214391.0
S.19.01.21.04;R0250;C0360;483667.0
S.19.01.21.04;R0260;C0360;1641949.0
S.25.01.21.01;R0010;C0110;181613.0
S.25.01.21.01;R0010;C0120;
S.25.01.21.01;R0020;C0110;77621.0
S.25.01.21.01;R0020;C0120;
S.25.01.21.01;R0030;C0110;5523.0
S.25.01.21.01;R0030;C0120;
S.25.01.21.01;R0040;C0110;19891.0
S.25.01.21.01;R0040;C0120;
S.25.01.21.01;R0050;C0110;636155.0
S.25.01.21.01;R0050;C0120;
S.25.01.21.01;R0060;C0110;-171356.0
S.25.01.21.01;R0060;C0120;
S.25.01.21.01;R0070;C0110;0.0
S.25.01.21.01;R0070;C0120;
S.25.01.21.01;R0100;C0110;749447.0
S.25.01.21.01;R0100;C0120;
S.25.01.21.02;R0130;C0100;
S.25.01.21.02;R0140;C0100;
S.25.01.21.02;R0150;C0100;
S.25.01.21.02;R0160;C0100;
S.25.01.21.02;R0200;C0100;
S.25.01.21.02;R0210;C0100;
S.25.01.21.02;R0220;C0100;
S.25.01.21.02;R0400;C0100;
S.25.01.21.02;R0410;C0100;
S.25.01.21.02;R0420;C0100;
S.25.01.21.02;R0430;C0100;
S.25.01.21.02;R0440;C0100;
S.25.01.21.03;R0030;C0090;
S.25.01.21.03;R0040;C0090;
S.25.01.21.03;R0050;C0090;
S.25.01.21.04;R0590;C0109;
S.25.01.21.05;R0640;C0130;
S.25.01.21.05;R0650;C0130;
S.25.01.21.05;R0660;C0130;
S.25.01.21.05;R0670;C0130;
S.25.01.21.05;R0680;C0130;
S.25.01.21.05;R0690;C0130;
S.02.01.02.01;R0010;C0010;
S.02.01.02.01;R0020;C0010;
S.02.01.02.01;R0030;C0010;
S.02.01.02.01;R0040;C0010;
S.02.01.02.01;R0050;C0010;
S.02.01.02.01;R0060;C0010;
S.02.01.02.01;R0070;C0010;
S.02.01.02.01;R0080;C0010;
S.02.01.02.01;R0090;C0010;
S.02.01.02.01;R0100;C0010;
S.02.01.02.01;R0110;C0010;
S.02.01.02.01;R0120;C0010;
S.02.01.02.01;R0130;C0010;
S.02.01.02.01;R0140;C0010;
S.02.01.02.01;R0150;C0010;
S.02.01.02.01;R0160;C0010;
S.02.01.02.01;R0170;C0010;
S.02.01.02.01;R0180;C0010;
S.02.01.02.01;R0190;C0010;
S.02.01.02.01;R0200;C0010;
S.02.01.02.01;R0210;C0010;
S.02.01.02.01;R0220;C0010;
S.02.01.02.01;R0230;C0010;
S.02.01.02.01;R0240;C0010;
S.02.01.02.01;R0250;C0010;
S.02.01.02.01;R0260;C0010;
S.02.01.02.01;R0270;C0010;
S.02.01.02.01;R0280;C0010;
S.02.01.02.01;R0290;C0010;
S.02.01.02.01;R0300;C0010;
S.02.01.02.01;R0310;C0010;
S.02.01.02.01;R0320;C0010;
S.02.01.02.01;R0330;C0010;
S.02.01.02.01;R0340;C0010;
S.02.01.02.01;R0350;C0010;
S.02.01.02.01;R0360;C0010;
S.02.01.02.01;R0370;C0010;
S.02.01.02.01;R0380;C0010;
S.02.01.02.01;R0390;C0010;
S.02.01.02.01;R0400;C0010;
S.02.01.02.01;R0410;C0010;
S.02.01.02.01;R0420;C0010;
S.02.01.02.01;R0500;C0010;
S.02.01.02.01;R0510;C0010;
S.02.01.02.01;R0520;C0010;
S.02.01.02.01;R0530;C0010;
S.02.01.02.01;R0540;C0010;
S.02.01.02.01;R0550;C0010;
S.02.01.02.01;R0560;C0010;
S.02.01.02.01;R0570;C0010;
S.02.01.02.01;R0580;C0010;
S.02.01.02.01;R0590;C0010;
S.02.01.02.01;R0600;C0010;
S.02.01.02.01;R0610;C0010;
S.02.01.02.01;R0620;C0010;
S.02.01.02.01;R0630;C0010;
S.02.01.02.01;R0640;C0010;
S.02.01.02.01;R0650;C0010;
S.02.01.02.01;R0660;C0010;
S.02.01.02.01;R0670;C0010;
S.02.01.02.01;R0680;C0010;
S.02.01.02.01;R0690;C0010;
S.02.01.02.01;R0700;C0010;
S.02.01.02.01;R0710;C0010;
S.02.01.02.01;R0720;C0010;
S.02.01.02.01;R0730;C0010;
S.02.01.02.01;R0740;C0010;
S.02.01.02.01;R0750;C0010;
S.02.01.02.01;R0760;C0010;
S.02.01.02.01;R0770;C0010;
S.02.01.02.01;R0780;C0010;
S.02.01.02.01;R0790;C0010;
S.02.01.02.01;R0800;C0010;
S.02.01.02.01;R0810;C0010;
S.02.01.02.01;R0820;C0010;
S.02.01.02.01;R0830;C0010;
S.02.01.02.01;R0840;C0010;
S.02.01.02.01;R0850;C0010;
S.02.01.02.01;R0860;C0010;
S.02.01.02.01;R0870;C0010;
S.02.01.02.01;R0880;C0010;
S.02.01.02.01;R0900;C0010;
S.02.01.02.01;R1000;C0010;
S.05.01.02.01;R0110;C0010;
S.05.01.02.01;R0110;C0020;
S.05.01.02.01;R0110;C0030;
S.05.01.02.01;R0110;C0040;
S.05.01.02.01;R0110;C0050;
S.05.01.02.01;R0110;C0060;
S.05.01.02.01;R0110;C0070;
S.05.01.02.01;R0110;C0080;
S.05.01.02.01;R0110;C0090;
S.05.01.02.01;R0110;C0100;
S.05.01.02.01;R0110;C0110;
S.05.01.02.01;R0110;C0120;
S.05.01.02.01;R0110;C0130;
S.05.01.02.01;R0110;C0140;
S.05.01.02.01;R0110;C0150;
S.05.01.02.01;R0110;C0160;
S.05.01.02.01;R0110;C0200;
S.05.01.02.01;R0120;C0010;
S.05.01.02.01;R0120;C0020;
S.05.01.02.01;R0120;C0030;
S.05.01.02.01;R0120;C0040;
S.05.01.02.01;R0120;C0050;
S.05.01.02.01;R0120;C0060;
S.05.01.02.01;R0120;C0070;
S.05.01.02.01;R0120;C0080;
S.05.01.02.01;R0120;C0090;
S.05.01.02.01;R0120;C0100;
S.05.01.02.01;R0120;C0110;
S.05.01.02.01;R0120;C0120;
S.05.01.02.01;R0120;C0130;
S.05.01.02.01;R0120;C0140;
S.05.01.02.01;R0120;C0150;
S.05.01.02.01;R0120;C0160;
S.05.01.02.01;R0120;C0200;
S.05.01.02.01;R0130;C0010;
S.05.01.02.01;R0130;C0020;
S.05.01.02.01;R0130;C0030;
S.05.01.02.01;R0130;C0040;
S.05.01.02.01;R0130;C0050;
S.05.01.02.01;R0130;C0060;
S.05.01.02.01;R0130;C0070;
S.05.01.02.01;R0130;C0080;
S.05.01.02.01;R0130;C0090;
S.05.01.02.01;R0130;C0100;
S.05.01.02.01;R0130;C0110;
S.05.01.02.01;R0130;C0120;
S.05.01.02.01;R0130;C0130;
S.05.01.02.01;R0130;C0140;
S.05.01.02.01;R0130;C0150;
S.05.01.02.01;R0130;C0160;
S.05.01.02.01;R0130;C0200;
S.05.01.02.01;R0140;C0010;
S.05.01.02.01;R0140;C0020;
S.05.01.02.01;R0140;C0030;
S.05.01.02.01;R0140;C0040;
S.05.01.02.01;R0140;C0050;
S.05.01.02.01;R0140;C0060;
S.05.01.02.01;R0140;C0070;
S.05.01.02.01;R0140;C0080;
S.05.01.02.01;R0140;C0090;
S.05.01.02.01;R0140;C0100;
S.05.01.02.01;R0140;C0110;
S.05.01.02.01;R0140;C0120;
S.05.01.02.01;R0140;C0130;
S.05.01.02.01;R0140;C0140;
S.05.01.02.01;R0140;C0150;
S.05.01.02.01;R0140;C0160;
S.05.01.02.01;R0140;C0200;
S.05.01.02.01;R0200;C0010;
S.05.01.02.01;R0200;C0020;
S.05.01.02.01;R0200;C0030;
S.05.01.02.01;R0200;C0040;
S.05.01.02.01;R0200;C0050;
S.05.01.02.01;R0200;C0060;
S.05.01.02.01;R0200;C0070;
S.05.01.02.01;R0200;C0080;
S.05.01.02.01;R0200;C0090;
S.05.01.02.01;R0200;C0100;
S.05.01.02.01;R0200;C0110;
S.05.01.02.01;R0200;C0120;
S.05.01.02.01;R0200;C0130;
S.05.01.02.01;R0200;C0140;
S.05.01.02.01;R0200;C0150;
S.05.01.02.01;R0200;C0160;
S.05.01.02.01;R0200;C0200;
S.05.01.02.01;R0210;C0010;
S.05.01.02.01;R0210;C0020;
S.05.01.02.01;R0210;C0030;
S.05.01.02.01;R0210;C0040;
S.05.01.02.01;R0210;C0050;
S.05.01.02.01;R0210;C0060;
S.05.01.02.01;R0210;C0070;
S.05.01.02.01;R0210;C0080;
S.05.01.02.01;R0210;C0090;
S.05.01.02.01;R0210;C0100;
S.05.01.02.01;R0210;C0110;
S.05.01.02.01;R0210;C0120;
S.05.01.02.01;R0210;C0130;
S.05.01.02.01;R0210;C0140;
S.05.01.02.01;R0210;C0150;
S.05.01.02.01;R0210;C0160;
S.05.01.02.01;R0210;C0200;
S.05.01.02.01;R0220;C0010;
S.05.01.02.01;R0220;C0020;
S.05.01.02.01;R0220;C0030;
S.05.01.02.01;R0220;C0040;
S.05.01.02.01;R0220;C0050;
S.05.01.02.01;R0220;C0060;
S.05.01.02.01;R0220;C0070;
S.05.01.02.01;R0220;C0080;
S.05.01.02.01;R0220;C0090;
S.05.01.02.01;R0220;C0100;
S.05.01.02.01;R0220;C0110;
S.05.01.02.01;R0220;C0120;
S.05.01.02.01;R0220;C0130;
S.05.01.02.01;R0220;C0140;
S.05.01.02.01;R0220;C0150;
S.05.01.02.01;R0220;C0160;
S.05.01.02.01;R0220;C0200;
S.05.01.02.01;R0230;C0010;
S.05.01.02.01;R0230;C0020;
S.05.01.02.01;R0230;C0030;
S.05.01.02.01;R0230;C0040;
S.05.01.02.01;R0230;C0050;
S.05.01.02.01;R0230;C0060;
S.05.01.02.01;R0230;C0070;
S.05.01.02.01;R0230;C0080;
S.05.01.02.01;R0230;C0090;
S.05.01.02.01;R0230;C0100;
S.05.01.02.01;R0230;C0110;
S.05.01.02.01;R0230;C0120;
S.05.01.02.01;R0230;C0130;
S.05.01.02.01;R0230;C0140;
S.05.01.02.01;R0230;C0150;
S.05.01.02.01;R0230;C0160;
S.05.01.02.01;R0230;C0200;
S.05.01.02.01;R0240;C0010;
S.05.01.02.01;R0240;C0020;
S.05.01.02.01;R0240;C0030;
S.05.01.02.01;R0240;C0040;
S.05.01.02.01;R0240;C0050;
S.05.01.02.01;R0240;C0060;
S.05.01.02.01;R0240;C0070;
S.05.01.02.01;R0240;C0080;
S.05.01.02.01;R0240;C0090;
S.05.01.02.01;R0240;C0100;
S.05.01.02.01;R0240;C0110;
S.05.01.02.01;R0240;C0120;
S.05.01.02.01;R0240;C0130;
S.05.01.02.01;R0240;C0140;
S.05.01.02.01;R0240;C0150;
S.05.01.02.01;R0240;C0160;
S.05.01.02.01;R0240;C0200;
S.05.01.02.01;R0300;C0010;
S.05.01.02.01;R0300;C0020;
S.05.01.02.01;R0300;C0030;
S.05.01.02.01;R0300;C0040;
S.05.01.02.01;R0300;C0050;
S.05.01.02.01;R0300;C0060;
S.05.01.02.01;R0300;C0070;
S.05.01.02.01;R0300;C0080;
S.05.01.02.01;R0300;C0090;
S.05.01.02.01;R0300;C0100;
S.05.01.02.01;R0300;C0110;
S.05.01.02.01;R0300;C0120;
S.05.01.02.01;R0300;C0130;
S.05.01.02.01;R0300;C0140;
S.05.01.02.01;R0300;C0150;
S.05.01.02.01;R0300;C0160;
S.05.01.02.01;R0300;C0200;
S.05.01.02.01;R0310;C0010;
S.05.01.02.01;R0310;C0020;
S.05.01.02.01;R0310;C0030;
S.05.01.02.01;R0310;C0040;
S.05.01.02.01;R0310;C0050;
S.05.01.02.01;R0310;C0060;
S.05.01.02.01;R0310;C0070;
S.05.01.02.01;R0310;C0080;
S.05.01.02.01;R0310;C0090;
S.05.01.02.01;R0310;C0100;
S.05.01.02.01;R0310;C0110;
S.05.01.02.01;R0310;C0120;
S.05.01.02.01;R0310;C0130;
S.05.01.02.01;R0310;C0140;
S.05.01.02.01;R0310;C0150;
S.05.01.02.01;R0310;C0160;
S.05.01.02.01;R0310;C0200;
S.05.01.02.01;R0320;C0010;
S.05.01.02.01;R0320;C0020;
S.05.01.02.01;R0320;C0030;
S.05.01.02.01;R0320;C0040;
S.05.01.02.01;R0320;C0050;
S.05.01.02.01;R0320;C0060;
S.05.01.02.01;R0320;C0070;
S.05.01.02.01;R0320;C0080;
S.05.01.02.01;R0320;C0090;
S.05.01.02.01;R0320;C0100;
S.05.01.02.01;R0320;C0110;
S.05.01.02.01;R0320;C0120;
S.05.01.02.01;R0320;C0130;
S.05.01.02.01;R0320;C0140;
S.05.01.02.01;R0320;C0150;
S.05.01.02.01;R0320;C0160;
S.05.01.02.01;R0320;C0200;
S.05.01.02.01;R0330;C0010;
S.05.01.02.01;R0330;C0020;
S.05.01.02.01;R0330;C0030;
S.05.01.02.01;R0330;C0040;
S.05.01.02.01;R0330;C0050;
S.05.01.02.01;R0330;C0060;
S.05.01.02.01;R0330;C0070;
S.05.01.02.01;R0330;C0080;
S.05.01.02.01;R0330;C0090;
S.05.01.02.01;R0330;C0100;
S.05.01.02.01;R0330;C0110;
S.05.01.02.01;R0330;C0120;
S.05.01.02.01;R0330;C0130;
S.05.01.02.01;R0330;C0140;
S.05.01.02.01;R0330;C0150;
S.05.01.02.01;R0330;C0160;
S.05.01.02.01;R0330;C0200;
S.05.01.02.01;R0340;C0010;
S.05.01.02.01;R0340;C0020;
S.05.01.02.01;R0340;C0030;
S.05.01.02.01;R0340;C0040;
S.05.01.02.01;R0340;C0050;
S.05.01.02.01;R0340;C0060;
S.05.01.02.01;R0340;C0070;
S.05.01.02.01;R0340;C0080;
S.05.01.02.01;R0340;C0090;
S.05.01.02.01;R0340;C0100;
S.05.01.02.01;R0340;C0110;
S.05.01.02.01;R0340;C0120;
S.05.01.02.01;R0340;C0130;
S.05.01.02.01;R0340;C0140;
S.05.01.02.01;R0340;C0150;
S.05.01.02.01;R0340;C0160;
S.05.01.02.01;R0340;C0200;
S.05.01.02.01;R0400;C0010;
S.05.01.02.01;R0400;C0020;
S.05.01.02.01;R0400;C0030;
S.05.01.02.01;R0400;C0040;
S.05.01.02.01;R0400;C0050;
S.05.01.02.01;R0400;C0060;
S.05.01.02.01;R0400;C0070;
S.05.01.02.01;R0400;C0080;
S.05.01.02.01;R0400;C0090;
S.05.01.02.01;R0400;C0100;
S.05.01.02.01;R0400;C0110;
S.05.01.02.01;R0400;C0120;
S.05.01.02.01;R0400;C0130;
S.05.01.02.01;R0400;C0140;
S.05.01.02.01;R0400;C0150;
S.05.01.02.01;R0400;C0160;
S.05.01.02.01;R0400;C0200;
S.05.01.02.01;R0410;C0010;
S.05.01.02.01;R0410;C0020;
S.05.01.02.01;R0410;C0030;
S.05.01.02.01;R0410;C0040;
S.05.01.02.01;R0410;C0050;
S.05.01.02.01;R0410;C0060;
S.05.01.02.01;R0410;C0070;
S.05.01.02.01;R0410;C0080;
S.05.01.02.01;R0410;C0090;
S.05.01.02.01;R0410;C0100;
S.05.01.02.01;R0410;C0110;
S.05.01.02.01;R0410;C0120;
S.05.01.02.01;R0410;C0130;
S.05.01.02.01;R0410;C0140;
S.05.01.02.01;R0410;C0150;
S.05.01.02.01;R0410;C0160;
S.05.01.02.01;R0410;C0200;
S.05.01.02.01;R0420;C0010;
S.05.01.02.01;R0420;C0020;
S.05.01.02.01;R0420;C0030;
S.05.01.02.01;R0420;C0040;
S.05.01.02.01;R0420;C0050;
S.05.01.02.01;R0420;C0060;
S.05.01.02.01;R0420;C0070;
S.05.01.02.01;R0420;C0080;
S.05.01.02.01;R0420;C0090;
S.05.01.02.01;R0420;C0100;
S.05.01.02.01;R0420;C0110;
S.05.01.02.01;R0420;C0120;
S.05.01.02.01;R0420;C0130;
S.05.01.02.01;R0420;C0140;
S.05.01.02.01;R0420;C0150;
S.05.01.02.01;R0420;C0160;
S.05.01.02.01;R0420;C0200;
S.05.01.02.01;R0430;C0010;
S.05.01.02.01;R0430;C0020;
S.05.01.02.01;R0430;C0030;
S.05.01.02.01;R0430;C0040;
S.05.01.02.01;R0430;C0050;
S.05.01.02.01;R0430;C0060;
S.05.01.02.01;R0430;C0070;
S.05.01.02.01;R0430;C0080;
S.05.01.02.01;R0430;C0090;
S.05.01.02.01;R0430;C0100;
S.05.01.02.01;R0430;C0110;
S.05.01.02.01;R0430;C0120;
S.05.01.02.01;R0430;C0130;
S.05.01.02.01;R0430;C0140;
S.05.01.02.01;R0430;C0150;
S.05.01.02.01;R0430;C0160;
S.05.01.02.01;R0430;C0200;
S.05.01.02.01;R0440;C0010;
S.05.01.02.01;R0440;C0020;
S.05.01.02.01;R0440;C0030;
S.05.01.02.01;R0440;C0040;
S.05.01.02.01;R0440;C0050;
S.05.01.02.01;R0440;C0060;
S.05.01.02.01;R0440;C0070;
S.05.01.02.01;R0440;C0080;
S.05.01.02.01;R0440;C0090;
S.05.01.02.01;R0440;C0100;
S.05.01.02.01;R0440;C0110;
S.05.01.02.01;R0440;C0120;
S.05.01.02.01;R0440;C0130;
S.05.01.02.01;R0440;C0140;
S.05.01.02.01;R0440;C0150;
S.05.01.02.01;R0440;C0160;
S.05.01.02.01;R0440;C0200;
S.05.01.02.01;R0500;C0010;
S.05.01.02.01;R0500;C0020;
S.05.01.02.01;R0500;C0030;
S.05.01.02.01;R0500;C0040;
S.05.01.02.01;R0500;C0050;
S.05.01.02.01;R0500;C0060;
S.05.01.02.01;R0500;C0070;
S.05.01.02.01;R0500;C0080;
S.05.01.02.01;R0500;C0090;
S.05.01.02.01;R0500;C0100;
S.05.01.02.01;R0500;C0110;
S.05.01.02.01;R0500;C0120;
S.05.01.02.01;R0500;C0130;
S.05.01.02.01;R0500;C0140;
S.05.01.02.01;R0500;C0150;
S.05.01.02.01;R0500;C0160;
S.05.01.02.01;R0500;C0200;
S.05.01.02.01;R0550;C0010;
S.05.01.02.01;R0550;C0020;
S.05.01.02.01;R0550;C0030;
S.05.01.02.01;R0550;C0040;
S.05.01.02.01;R0550;C0050;
S.05.01.02.01;R0550;C0060;
S.05.01.02.01;R0550;C0070;
S.05.01.02.01;R0550;C0080;
S.05.01.02.01;R0550;C0090;
S.05.01.02.01;R0550;C0100;
S.05.01.02.01;R0550;C0110;
S.05.01.02.01;R0550;C0120;
S.05.01.02.01;R0550;C0130;
S.05.01.02.01;R0550;C0140;
S.05.01.02.01;R0550;C0150;
S.05.01.02.01;R0550;C0160;
S.05.01.02.01;R0550;C0200;
S.05.01.02.01;R1200;C0010;
S.05.01.02.01;R1200;C0020;
S.05.01.02.01;R1200;C0030;
S.05.01.02.01;R1200;C0040;
S.05.01.02.01;R1200;C0050;
S.05.01.02.01;R1200;C0060;
S.05.01.02.01;R1200;C0070;
S.05.01.02.01;R1200;C0080;
S.05.01.02.01;R1200;C0090;
S.05.01.02.01;R1200;C0100;
S.05.01.02.01;R1200;C0110;
S.05.01.02.01;R1200;C0120;
S.05.01.02.01;R1200;C0130;
S.05.01.02.01;R1200;C0140;
S.05.01.02.01;R1200;C0150;
S.05.01.02.01;R1200;C0160;
S.05.01.02.01;R1200;C0200;
S.05.01.02.01;R1300;C0010;
S.05.01.02.01;R1300;C0020;
S.05.01.02.01;R1300;C0030;
S.05.01.02.01;R1300;C0040;
S.05.01.02.01;R1300;C0050;
S.05.01.02.01;R1300;C0060;
S.05.01.02.01;R1300;C0070;
S.05.01.02.01;R1300;C0080;
S.05.01.02.01;R1300;C0090;
S.05.01.02.01;R1300;C0100;
S.05.01.02.01;R1300;C0110;
S.05.01.02.01;R1300;C0120;
S.05.01.02.01;R1300;C0130;
S.05.01.02.01;R1300;C0140;
S.05.01.02.01;R1300;C0150;
S.05.01.02.01;R1300;C0160;
S.05.01.02.01;R1300;C0200;
S.05.01.02.02;R1410;C0210;0.0
S.05.01.02.02;R1410;C0220;0.0
S.05.01.02.02;R1410;C0230;0.0
S.05.01.02.02;R1410;C0240;0.0
S.05.01.02.02;R1410;C0250;0.0
S.05.01.02.02;R1410;C0260;0.0
S.05.01.02.02;R1410;C0270;0.0
S.05.01.02.02;R1410;C0280;0.0
S.05.01.02.02;R1410;C0300;0.0
S.05.01.02.02;R1420;C0210;0.0
S.05.01.02.02;R1420;C0220;0.0
S.05.01.02.02;R1420;C0230;0.0
S.05.01.02.02;R1420;C0240;0.0
S.05.01.02.02;R1420;C0250;0.0
S.05.01.02.02;R1420;C0260;0.0
S.05.01.02.02;R1420;C0270;0.0
S.05.01.02.02;R1420;C0280;0.0
S.05.01.02.02;R1420;C0300;0.0
S.05.01.02.02;R1500;C0210;0.0
S.05.01.02.02;R1500;C0220;0.0
S.05.01.02.02;R1500;C0230;0.0
S.05.01.02.02;R1500;C0240;0.0
S.05.01.02.02;R1500;C0250;0.0
S.05.01.02.02;R1500;C0260;0.0
S.05.01.02.02;R1500;C0270;0.0
S.05.01.02.02;R1500;C0280;0.0
S.05.01.02.02;R1500;C0300;0.0
S.05.01.02.02;R1510;C0210;0.0
S.05.01.02.02;R1510;C0220;0.0
S.05.01.02.02;R1510;C0230;0.0
S.05.01.02.02;R1510;C0240;0.0
S.05.01.02.02;R1510;C0250;0.0
S.05.01.02.02;R1510;C0260;0.0
S.05.01.02.02;R1510;C0270;0.0
S.05.01.02.02;R1510;C0280;0.0
S.05.01.02.02;R1510;C0300;0.0
S.05.01.02.02;R1520;C0210;0.0
S.05.01.02.02;R1520;C0220;0.0
S.05.01.02.02;R1520;C0230;0.0
S.05.01.02.02;R1520;C0240;0.0
S.05.01.02.02;R1520;C0250;0.0
S.05.01.02.02;R1520;C0260;0.0
S.05.01.02.02;R1520;C0270;0.0
S.05.01.02.02;R1520;C0280;0.0
S.05.01.02.02;R1520;C0300;0.0
S.05.01.02.02;R1600;C0210;0.0
S.05.01.02.02;R1600;C0220;0.0
S.05.01.02.02;R1600;C0230;0.0
S.05.01.02.02;R1600;C0240;0.0
S.05.01.02.02;R1600;C0250;0.0
S.05.01.02.02;R1600;C0260;0.0
S.05.01.02.02;R1600;C0270;0.0
S.05.01.02.02;R1600;C0280;0.0
S.05.01.02.02;R1600;C0300;0.0
S.05.01.02.02;R1610;C0210;0.0
S.05.01.02.02;R1610;C0220;0.0
S.05.01.02.02;R1610;C0230;0.0
S.05.01.02.02;R1610;C0240;0.0
S.05.01.02.02;R1610;C0250;0.0
S.05.01.02.02;R1610;C0260;43709.0
S.05.01.02.02;R1610;C0270;0.0
S.05.01.02.02;R1610;C0280;0.0
S.05.01.02.02;R1610;C0300;43709.0
S.05.01.02.02;R1620;C0210;0.0
S.05.01.02.02;R1620;C0220;0.0
S.05.01.02.02;R1620;C0230;0.0
S.05.01.02.02;R1620;C0240;0.0
S.05.01.02.02;R1620;C0250;0.0
S.05.01.02.02;R1620;C0260;46540.0
S.05.01.02.02;R1620;C0270;0.0
S.05.01.02.02;R1620;C0280;0.0
S.05.01.02.02;R1620;C0300;46540.0
S.05.01.02.02;R1700;C0210;0.0
S.05.01.02.02;R1700;C0220;0.0
S.05.01.02.02;R1700;C0230;0.0
S.05.01.02.02;R1700;C0240;0.0
S.05.01.02.02;R1700;C0250;0.0
S.05.01.02.02;R1700;C0260;-2830.0
S.05.01.02.02;R1700;C0270;0.0
S.05.01.02.02;R1700;C0280;0.0
S.05.01.02.02;R1700;C0300;-2830.0
S.05.01.02.02;R1710;C0210;0.0
S.05.01.02.02;R1710;C0220;0.0
S.05.01.02.02;R1710;C0230;0.0
S.05.01.02.02;R1710;C0240;0.0
S.05.01.02.02;R1710;C0250;0.0
S.05.01.02.02;R1710;C0260;0.0
S.05.01.02.02;R1710;C0270;0.0
S.05.01.02.02;R1710;C0280;0.0
S.05.01.02.02;R1710;C0300;0.0
S.05.01.02.02;R1720;C0210;0.0
S.05.01.02.02;R1720;C0220;0.0
S.05.01.02.02;R1720;C0230;0.0
S.05.01.02.02;R1720;C0240;0.0
S.05.01.02.02;R1720;C0250;0.0
S.05.01.02.02;R1720;C0260;0.0
S.05.01.02.02;R1720;C0270;0.0
S.05.01.02.02;R1720;C0280;0.0
S.05.01.02.02;R1720;C0300;0.0
S.05.01.02.02;R1800;C0210;0.0
S.05.01.02.02;R1800;C0220;0.0
S.05.01.02.02;R1800;C0230;0.0
S.05.01.02.02;R1800;C0240;0.0
S.05.01.02.02;R1800;C0250;0.0
S.05.01.02.02;R1800;C0260;0.0
S.05.01.02.02;R1800;C0270;0.0
S.05.01.02.02;R1800;C0280;0.0
S.05.01.02.02;R1800;C0300;0.0
S.05.01.02.02;R1900;C0210;0.0
S.05.01.02.02;R1900;C0220;0.0
S.05.01.02.02;R1900;C0230;0.0
S.05.01.02.02;R1900;C0240;0.0
S.05.01.02.02;R1900;C0250;0.0
S.05.01.02.02;R1900;C0260;0.0
S.05.01.02.02;R1900;C0270;0.0
S.05.01.02.02;R1900;C0280;0.0
S.05.01.02.02;R1900;C0300;0.0
S.05.01.02.02;R2500;C0210;
S.05.01.02.02;R2500;C0220;
S.05.01.02.02;R2500;C0230;
S.05.01.02.02;R2500;C0240;
S.05.01.02.02;R2500;C0250;
S.05.01.02.02;R2500;C0260;
S.05.01.02.02;R2500;C0270;
S.05.01.02.02;R2500;C0280;
S.05.01.02.02;R2500;C0300;0.0
S.05.01.02.02;R2600;C0210;
S.05.01.02.02;R2600;C0220;
S.05.01.02.02;R2600;C0230;
S.05.01.02.02;R2600;C0240;
S.05.01.02.02;R2600;C0250;
S.05.01.02.02;R2600;C0260;
S.05.01.02.02;R2600;C0270;
S.05.01.02.02;R2600;C0280;
S.05.01.02.02;R2600;C0300;0.0
S.23.01.01.01;R0010;C0010;436601.0
S.23.01.01.01;R0010;C0020;436601.0
S.23.01.01.01;R0010;C0030;
S.23.01.01.01;R0010;C0040;0.0
S.23.01.01.01;R0010;C0050;
S.23.01.01.01;R0030;C0010;333483.0
S.23.01.01.01;R0030;C0020;333483.0
S.23.01.01.01;R0030;C0030;
S.23.01.01.01;R0030;C0040;0.0
S.23.01.01.01;R0030;C0050;
S.23.01.01.01;R0040;C0010;0.0
S.23.01.01.01;R0040;C0020;0.0
S.23.01.01.01;R0040;C0030;
S.23.01.01.01;R0040;C0040;0.0
S.23.01.01.01;R0040;C0050;
S.23.01.01.01;R0050;C0010;0.0
S.23.01.01.01;R0050;C0020;
S.23.01.01.01;R0050;C0030;0.0
S.23.01.01.01;R0050;C0040;0.0
S.23.01.01.01;R0050;C0050;0.0
S.23.01.01.01;R0070;C0010;0.0
S.23.01.01.01;R0070;C0020;0.0
S.23.01.01.01;R0070;C0030;
S.23.01.01.01;R0070;C0040;
S.23.01.01.01;R0070;C0050;
S.23.01.01.01;R0090;C0010;0.0
S.23.01.01.01;R0090;C0020;
S.23.01.01.01;R0090;C0030;0.0
S.23.01.01.01;R0090;C0040;0.0
S.23.01.01.01;R0090;C0050;0.0
S.23.01.01.01;R0110;C0010;0.0
S.23.01.01.01;R0110;C0020;
S.23.01.01.01;R0110;C0030;0.0
S.23.01.01.01;R0110;C0040;0.0
S.23.01.01.01;R0110;C0050;0.0
S.23.01.01.01;R0130;C0010;704784.0
S.23.01.01.01;R0130;C0020;704784.0
S.23.01.01.01;R0130;C0030;
S.23.01.01.01;R0130;C0040;
S.23.01.01.01;R0130;C0050;
S.23.01.01.01;R0140;C0010;0.0
S.23.01.01.01;R0140;C0020;
S.23.01.01.01;R0140;C0030;0.0
S.23.01.01.01;R0140;C0040;0.0
S.23.01.01.01;R0140;C0050;0.0
S.23.01.01.01;R0160;C0010;0.0
S.23.01.01.01;R0160;C0020;
S.23.01.01.01;R0160;C0030;
S.23.01.01.01;R0160;C0040;
S.23.01.01.01;R0160;C0050;0.0
S.23.01.01.01;R0180;C0010;0.0
S.23.01.01.01;R0180;C0020;0.0
S.23.01.01.01;R0180;C0030;0.0
S.23.01.01.01;R0180;C0040;0.0
S.23.01.01.01;R0180;C0050;0.0
S.23.01.01.01;R0220;C0010;0.0
S.23.01.01.01;R0220;C0020;
S.23.01.01.01;R0220;C0030;
S.23.01.01.01;R0220;C0040;
S.23.01.01.01;R0220;C0050;
S.23.01.01.01;R0230;C0010;0.0
S.23.01.01.01;R0230;C0020;0.0
S.23.01.01.01;R0230;C0030;0.0
S.23.01.01.01;R0230;C0040;0.0
S.23.01.01.01;R0230;C0050;
S.23.01.01.01;R0290;C0010;1474869.0
S.23.01.01.01;R0290;C0020;1474869.0
S.23.01.01.01;R0290;C0030;0.0
S.23.01.01.01;R0290;C0040;0.0
S.23.01.01.01;R0290;C0050;0.0
S.23.01.01.01;R0300;C0010;0.0
S.23.01.01.01;R0300;C0020;
S.23.01.01.01;R0300;C0030;
S.23.01.01.01;R0300;C0040;0.0
S.23.01.01.01;R0300;C0050;
S.23.01.01.01;R0310;C0010;0.0
S.23.01.01.01;R0310;C0020;
S.23.01.01.01;R0310;C0030;
S.23.01.01.01;R0310;C0040;0.0
S.23.01.01.01;R0310;C0050;
S.23.01.01.01;R0320;C0010;0.0
S.23.01.01.01;R0320;C0020;
S.23.01.01.01;R0320;C0030;
S.23.01.01.01;R0320;C0040;0.0
S.23.01.01.01;R0320;C0050;0.0
S.23.01.01.01;R0330;C0010;0.0
S.23.01.01.01;R0330;C0020;
S.23.01.01.01;R0330;C0030;
S.23.01.01.01;R0330;C0040;0.0
S.23.01.01.01;R0330;C0050;0.0
S.23.01.01.01;R0340;C0010;0.0
S.23.01.01.01;R0340;C0020;
S.23.01.01.01;R0340;C0030;
S.23.01.01.01;R0340;C0040;0.0
S.23.01.01.01;R0340;C0050;
S.23.01.01.01;R0350;C0010;0.0
S.23.01.01.01;R0350;C0020;
S.23.01.01.01;R0350;C0030;
S.23.01.01.01;R0350;C0040;0.0
S.23.01.01.01;R0350;C0050;0.0
S.23.01.01.01;R0360;C0010;0.0
S.23.01.01.01;R0360;C0020;
S.23.01.01.01;R0360;C0030;
S.23.01.01.01;R0360;C0040;0.0
S.23.01.01.01;R0360;C0050;
S.23.01.01.01;R0370;C0010;0.0
S.23.01.01.01;R0370;C0020;
S.23.01.01.01;R0370;C0030;
S.23.01.01.01;R0370;C0040;0.0
S.23.01.01.01;R0370;C0050;0.0
S.23.01.01.01;R0390;C0010;0.0
S.23.01.01.01;R0390;C0020;
S.23.01.01.01;R0390;C0030;
S.23.01.01.01;R0390;C0040;0.0
S.23.01.01.01;R0390;C0050;0.0
S.23.01.01.01;R0400;C0010;0.0
S.23.01.01.01;R0400;C0020;
S.23.01.01.01;R0400;C0030;
S.23.01.01.01;R0400;C0040;0.0
S.23.01.01.01;R0400;C0050;0.0
S.23.01.01.01;R0500;C0010;1474869.0
S.23.01.01.01;R0500;C0020;1474869.0
S.23.01.01.01;R0500;C0030;0.0
S.23.01.01.01;R0500;C0040;0.0
S.23.01.01.01;R0500;C0050;0.0
S.23.01.01.01;R0510;C0010;1474869.0
S.23.01.01.01;R0510;C0020;1474869.0
S.23.01.01.01;R0510;C0030;0.0
S.23.01.01.01;R0510;C0040;0.0
S.23.01.01.01;R0510;C0050;
S.23.01.01.01;R0540;C0010;1474869.0
S.23.01.01.01;R0540;C0020;1474869.0
S.23.01.01.01;R0540;C0030;0.0
S.23.01.01.01;R0540;C0040;0.0
S.23.01.01.01;R0540;C0050;0.0
S.23.01.01.01;R0550;C0010;1474869.0
S.23.01.01.01;R0550;C0020;1474869.0
S.23.01.01.01;R0550;C0030;0.0
S.23.01.01.01;R0550;C0040;0.0
S.23.01.01.01;R0550;C0050;
S.23.01.01.01;R0580;C0010;729671.0
S.23.01.01.01;R0580;C0020;
S.23.01.01.01;R0580;C0030;
S.23.01.01.01;R0580;C0040;
S.23.01.01.01;R0580;C0050;
S.23.01.01.01;R0600;C0010;328352.0
S.23.01.01.01;R0600;C0020;
S.23.01.01.01;R0600;C0030;
S.23.01.01.01;R0600;C0040;
S.23.01.01.01;R0600;C0050;
S.23.01.01.01;R0620;C0010;
S.23.01.01.01;R0620;C0020;
S.23.01.01.01;R0620;C0030;
S.23.01.01.01;R0620;C0040;
S.23.01.01.01;R0620;C0050;
S.23.01.01.01;R0640;C0010;
S.23.01.01.01;R0640;C0020;
S.23.01.01.01;R0640;C0030;
S.23.01.01.01;R0640;C0040;
S.23.01.01.01;R0640;C0050;
S.23.01.01.02;R0700;C0060;1708609.0
S.23.01.01.02;R0710;C0060;0.0
S.23.01.01.02;R0720;C0060;233740.0
S.23.01.01.02;R0730;C0060;770084.0
S.23.01.01.02;R0740;C0060;0.0
S.23.01.01.02;R0760;C0060;704784.0
S.23.01.01.02;R0770;C0060;0.0
S.23.01.01.02;R0780;C0060;80081.0
S.23.01.01.02;R0790;C0060;80081.0
S.22.01.21.01;R0010;C0010;
S.22.01.21.01;R0010;C0030;
S.22.01.21.01;R0010;C0050;
S.22.01.21.01;R0010;C0070;
S.22.01.21.01;R0010;C0090;
S.22.01.21.01;R0020;C0010;
S.22.01.21.01;R0020;C0030;
S.22.01.21.01;R0020;C0050;
S.22.01.21.01;R0020;C0070;
S.22.01.21.01;R0020;C0090;
S.22.01.21.01;R0050;C0010;
S.22.01.21.01;R0050;C0030;
S.22.01.21.01;R0050;C0050;
S.22.01.21.01;R0050;C0070;
S.22.01.21.01;R0050;C0090;
S.22.01.21.01;R0090;C0010;
S.22.01.21.01;R0090;C0030;
S.22.01.21.01;R0090;C0050;
S.22.01.21.01;R0090;C0070;
S.22.01.21.01;R0090;C0090;
S.22.01.21.01;R0100;C0010;
S.22.01.21.01;R0100;C0030;
S.22.01.21.01;R0100;C0050;
S.22.01.21.01;R0100;C0070;
S.22.01.21.01;R0100;C0090;
S.22.01.21.01;R0110;C0010;
S.22.01.21.01;R0110;C0030;
S.22.01.21.01;R0110;C0050;
S.22.01.21.01;R0110;C0070;
S.22.01.21.01;R0110;C0090;
S.25.02.21.02;R0060;C0100;
S.25.02.21.02;R0110;C0100;
S.25.02.21.02;R0160;C0100;
S.25.02.21.02;R0200;C0100;
S.25.02.21.02;R0210;C0100;
S.25.02.21.02;R0220;C0100;
S.25.02.21.02;R0300;C0100;
S.25.02.21.02;R0310;C0100;
S.25.02.21.02;R0400;C0100;
S.25.02.21.02;R0410;C0100;
S.25.02.21.02;R0420;C0100;
S.25.02.21.02;R0430;C0100;
S.25.02.21.02;R0440;C0100;
S.25.02.21.03;R0590;C0109;
S.25.02.21.05;R0640;C0130;
S.25.02.21.05;R0650;C0130;
S.25.02.21.05;R0660;C0130;
S.25.02.21.05;R0670;C0130;
S.25.02.21.05;R0680;C0130;
S.25.02.21.05;R0690;C0130;
S.25.03.21.02;R0060;C0100;
S.25.03.21.02;R0110;C0100;
S.25.03.21.02;R0160;C0100;
S.25.03.21.02;R0200;C0100;
S.25.03.21.02;R0210;C0100;
S.25.03.21.02;R0220;C0100;
S.25.03.21.02;R0300;C0100;
S.25.03.21.02;R0310;C0100;
S.25.03.21.02;R0410;C0100;
S.25.03.21.02;R0420;C0100;
S.25.03.21.02;R0430;C0100;
S.25.03.21.02;R0440;C0100;
S.25.03.21.03;R0590;C0109;
S.25.03.21.05;R0640;C0130;
S.25.03.21.05;R0650;C0130;
S.25.03.21.05;R0660;C0130;
S.25.03.21.05;R0670;C0130;
S.25.03.21.05;R0680;C0130;
S.25.03.21.05;R0690;C0130;
S.28.02.01.01;R0010;C0010;
S.28.02.01.01;R0010;C0020;
S.28.02.01.02;R0020;C0030;
S.28.02.01.02;R0020;C0040;
S.28.02.01.02;R0020;C0050;
S.28.02.01.02;R0020;C0060;
S.28.02.01.02;R0030;C0030;
S.28.02.01.02;R0030;C0040;
S.28.02.01.02;R0030;C0050;
S.28.02.01.02;R0030;C0060;
S.28.02.01.02;R0040;C0030;
S.28.02.01.02;R0040;C0040;
S.28.02.01.02;R0040;C0050;
S.28.02.01.02;R0040;C0060;
S.28.02.01.02;R0050;C0030;
S.28.02.01.02;R0050;C0040;
S.28.02.01.02;R0050;C0050;
S.28.02.01.02;R0050;C0060;
S.28.02.01.02;R0060;C0030;
S.28.02.01.02;R0060;C0040;
S.28.02.01.02;R0060;C0050;
S.28.02.01.02;R0060;C0060;
S.28.02.01.02;R0070;C0030;
S.28.02.01.02;R0070;C0040;
S.28.02.01.02;R0070;C0050;
S.28.02.01.02;R0070;C0060;
S.28.02.01.02;R0080;C0030;
S.28.02.01.02;R0080;C0040;
S.28.02.01.02;R0080;C0050;
S.28.02.01.02;R0080;C0060;
S.28.02.01.02;R0090;C0030;
S.28.02.01.02;R0090;C0040;
S.28.02.01.02;R0090;C0050;
S.28.02.01.02;R0090;C0060;
S.28.02.01.02;R0100;C0030;
S.28.02.01.02;R0100;C0040;
S.28.02.01.02;R0100;C0050;
S.28.02.01.02;R0100;C0060;
S.28.02.01.02;R0110;C0030;
S.28.02.01.02;R0110;C0040;
S.28.02.01.02;R0110;C0050;
S.28.02.01.02;R0110;C0060;
S.28.02.01.02;R0120;C0030;
S.28.02.01.02;R0120;C0040;
S.28.02.01.02;R0120;C0050;
S.28.02.01.02;R0120;C0060;
S.28.02.01.02;R0130;C0030;
S.28.02.01.02;R0130;C0040;
S.28.02.01.02;R0130;C0050;
S.28.02.01.02;R0130;C0060;
S.28.02.01.02;R0140;C0030;
S.28.02.01.02;R0140;C0040;
S.28.02.01.02;R0140;C0050;
S.28.02.01.02;R0140;C0060;
S.28.02.01.02;R0150;C0030;
S.28.02.01.02;R0150;C0040;
S.28.02.01.02;R0150;C0050;
S.28.02.01.02;R0150;C0060;
S.28.02.01.02;R0160;C0030;
S.28.02.01.02;R0160;C0040;
S.28.02.01.02;R0160;C0050;
S.28.02.01.02;R0160;C0060;
S.28.02.01.02;R0170;C0030;
S.28.02.01.02;R0170;C0040;
S.28.02.01.02;R0170;C0050;
S.28.02.01.02;R0170;C0060;
S.28.02.01.03;R0200;C0070;
S.28.02.01.03;R0200;C0080;
S.28.02.01.04;R0210;C0090;
S.28.02.01.04;R0210;C0100;
S.28.02.01.04;R0210;C0110;
S.28.02.01.04;R0210;C0120;
S.28.02.01.04;R0220;C0090;
S.28.02.01.04;R0220;C0100;
S.28.02.01.04;R0220;C0110;
S.28.02.01.04;R0220;C0120;
S.28.02.01.04;R0230;C0090;
S.28.02.01.04;R0230;C0100;
S.28.02.01.04;R0230;C0110;
S.28.02.01.04;R0230;C0120;
S.28.02.01.04;R0240;C0090;
S.28.02.01.04;R0240;C0100;
S.28.02.01.04;R0240;C0110;
S.28.02.01.04;R0240;C0120;
S.28.02.01.04;R0250;C0090;
S.28.02.01.04;R0250;C0100;
S.28.02.01.04;R0250;C0110;
S.28.02.01.04;R0250;C0120;
S.28.02.01.05;R0300;C0130;
S.28.02.01.05;R0310;C0130;
S.28.02.01.05;R0320;C0130;
S.28.02.01.05;R0330;C0130;
S.28.02.01.05;R0340;C0130;
S.28.02.01.05;R0350;C0130;
S.28.02.01.05;R0400;C0130;
S.28.02.01.06;R0500;C0140;
S.28.02.01.06;R0500;C0150;
S.28.02.01.06;R0510;C0140;
S.28.02.01.06;R0510;C0150;
S.28.02.01.06;R0520;C0140;
S.28.02.01.06;R0520;C0150;
S.28.02.01.06;R0530;C0140;
S.28.02.01.06;R0530;C0150;
S.28.02.01.06;R0540;C0140;
S.28.02.01.06;R0540;C0150;
S.28.02.01.06;R0550;C0140;
S.28.02.01.06;R0550;C0150;
S.28.02.01.06;R0560;C0140;
S.28.02.01.06;R0560;C0150;
