FORMULARZ;WIERSZ;KOLUMNA;WARTOŚĆ;KOD ZAKLADU;WERSJA SFCR;DATA SFCR;ID_TAB;TRZECI WYMIAR KRAJ
S.02.01.02.01;R0010;C0010;;11;1;31.12.2019;9;
S.02.01.02.01;R0020;C0010;;11;1;31.12.2019;9;
S.02.01.02.01;R0030;C0010;;11;1;31.12.2019;9;
S.02.01.02.01;R0040;C0010;;11;1;31.12.2019;9;
S.02.01.02.01;R0050;C0010;;11;1;31.12.2019;9;
S.02.01.02.01;R0060;C0010;;11;1;31.12.2019;9;
S.02.01.02.01;R0070;C0010;;11;1;31.12.2019;9;
S.02.01.02.01;R0080;C0010;;11;1;31.12.2019;9;
S.02.01.02.01;R0090;C0010;;11;1;31.12.2019;9;
S.02.01.02.01;R0100;C0010;;11;1;31.12.2019;9;
S.02.01.02.01;R0110;C0010;;11;1;31.12.2019;9;
S.02.01.02.01;R0120;C0010;;11;1;31.12.2019;9;
S.02.01.02.01;R0130;C0010;;11;1;31.12.2019;9;
S.02.01.02.01;R0140;C0010;;11;1;31.12.2019;9;
S.02.01.02.01;R0150;C0010;;11;1;31.12.2019;9;
S.02.01.02.01;R0160;C0010;;11;1;31.12.2019;9;
S.02.01.02.01;R0170;C0010;;11;1;31.12.2019;9;
S.02.01.02.01;R0180;C0010;;11;1;31.12.2019;9;
S.02.01.02.01;R0190;C0010;;11;1;31.12.2019;9;
S.02.01.02.01;R0200;C0010;;11;1;31.12.2019;9;
S.02.01.02.01;R0210;C0010;;11;1;31.12.2019;9;
S.02.01.02.01;R0220;C0010;;11;1;31.12.2019;9;
S.02.01.02.01;R0230;C0010;;11;1;31.12.2019;9;
S.02.01.02.01;R0240;C0010;;11;1;31.12.2019;9;
S.02.01.02.01;R0250;C0010;;11;1;31.12.2019;9;
S.02.01.02.01;R0260;C0010;;11;1;31.12.2019;9;
S.02.01.02.01;R0270;C0010;;11;1;31.12.2019;9;
S.02.01.02.01;R0280;C0010;;11;1;31.12.2019;9;
S.02.01.02.01;R0290;C0010;;11;1;31.12.2019;9;
S.02.01.02.01;R0300;C0010;;11;1;31.12.2019;9;
S.02.01.02.01;R0310;C0010;;11;1;31.12.2019;9;
S.02.01.02.01;R0320;C0010;;11;1;31.12.2019;9;
S.02.01.02.01;R0330;C0010;;11;1;31.12.2019;9;
S.02.01.02.01;R0340;C0010;;11;1;31.12.2019;9;
S.02.01.02.01;R0350;C0010;;11;1;31.12.2019;9;
S.02.01.02.01;R0360;C0010;;11;1;31.12.2019;9;
S.02.01.02.01;R0370;C0010;;11;1;31.12.2019;9;
S.02.01.02.01;R0380;C0010;;11;1;31.12.2019;9;
S.02.01.02.01;R0390;C0010;;11;1;31.12.2019;9;
S.02.01.02.01;R0400;C0010;;11;1;31.12.2019;9;
S.02.01.02.01;R0410;C0010;;11;1;31.12.2019;9;
S.02.01.02.01;R0420;C0010;;11;1;31.12.2019;9;
S.02.01.02.01;R0500;C0010;;11;1;31.12.2019;9;
S.02.01.02.01;R0510;C0010;;11;1;31.12.2019;9;
S.02.01.02.01;R0520;C0010;;11;1;31.12.2019;9;
S.02.01.02.01;R0530;C0010;;11;1;31.12.2019;9;
S.02.01.02.01;R0540;C0010;;11;1;31.12.2019;9;
S.02.01.02.01;R0550;C0010;;11;1;31.12.2019;9;
S.02.01.02.01;R0560;C0010;;11;1;31.12.2019;9;
S.02.01.02.01;R0570;C0010;;11;1;31.12.2019;9;
S.02.01.02.01;R0580;C0010;;11;1;31.12.2019;9;
S.02.01.02.01;R0590;C0010;;11;1;31.12.2019;9;
S.02.01.02.01;R0600;C0010;;11;1;31.12.2019;9;
S.02.01.02.01;R0610;C0010;;11;1;31.12.2019;9;
S.02.01.02.01;R0620;C0010;;11;1;31.12.2019;9;
S.02.01.02.01;R0630;C0010;;11;1;31.12.2019;9;
S.02.01.02.01;R0640;C0010;;11;1;31.12.2019;9;
S.02.01.02.01;R0650;C0010;;11;1;31.12.2019;9;
S.02.01.02.01;R0660;C0010;;11;1;31.12.2019;9;
S.02.01.02.01;R0670;C0010;;11;1;31.12.2019;9;
S.02.01.02.01;R0680;C0010;;11;1;31.12.2019;9;
S.02.01.02.01;R0690;C0010;;11;1;31.12.2019;9;
S.02.01.02.01;R0700;C0010;;11;1;31.12.2019;9;
S.02.01.02.01;R0710;C0010;;11;1;31.12.2019;9;
S.02.01.02.01;R0720;C0010;;11;1;31.12.2019;9;
S.02.01.02.01;R0730;C0010;;11;1;31.12.2019;9;
S.02.01.02.01;R0740;C0010;;11;1;31.12.2019;9;
S.02.01.02.01;R0750;C0010;;11;1;31.12.2019;9;
S.02.01.02.01;R0760;C0010;;11;1;31.12.2019;9;
S.02.01.02.01;R0770;C0010;;11;1;31.12.2019;9;
S.02.01.02.01;R0780;C0010;;11;1;31.12.2019;9;
S.02.01.02.01;R0790;C0010;;11;1;31.12.2019;9;
S.02.01.02.01;R0800;C0010;;11;1;31.12.2019;9;
S.02.01.02.01;R0810;C0010;;11;1;31.12.2019;9;
S.02.01.02.01;R0820;C0010;;11;1;31.12.2019;9;
S.02.01.02.01;R0830;C0010;;11;1;31.12.2019;9;
S.02.01.02.01;R0840;C0010;;11;1;31.12.2019;9;
S.02.01.02.01;R0850;C0010;;11;1;31.12.2019;9;
S.02.01.02.01;R0860;C0010;;11;1;31.12.2019;9;
S.02.01.02.01;R0870;C0010;;11;1;31.12.2019;9;
S.02.01.02.01;R0880;C0010;;11;1;31.12.2019;9;
S.02.01.02.01;R0900;C0010;;11;1;31.12.2019;9;
S.02.01.02.01;R1000;C0010;;11;1;31.12.2019;9;
S.05.01.02.01;R0110;C0010;;11;1;31.12.2019;9;
S.05.01.02.01;R0110;C0020;;11;1;31.12.2019;9;
S.05.01.02.01;R0110;C0030;;11;1;31.12.2019;9;
S.05.01.02.01;R0110;C0040;;11;1;31.12.2019;9;
S.05.01.02.01;R0110;C0050;;11;1;31.12.2019;9;
S.05.01.02.01;R0110;C0060;;11;1;31.12.2019;9;
S.05.01.02.01;R0110;C0070;;11;1;31.12.2019;9;
S.05.01.02.01;R0110;C0080;;11;1;31.12.2019;9;
S.05.01.02.01;R0110;C0090;;11;1;31.12.2019;9;
S.05.01.02.01;R0110;C0100;;11;1;31.12.2019;9;
S.05.01.02.01;R0110;C0110;;11;1;31.12.2019;9;
S.05.01.02.01;R0110;C0120;;11;1;31.12.2019;9;
S.05.01.02.01;R0110;C0130;;11;1;31.12.2019;9;
S.05.01.02.01;R0110;C0140;;11;1;31.12.2019;9;
S.05.01.02.01;R0110;C0150;;11;1;31.12.2019;9;
S.05.01.02.01;R0110;C0160;;11;1;31.12.2019;9;
S.05.01.02.01;R0110;C0200;;11;1;31.12.2019;9;
S.05.01.02.01;R0120;C0010;;11;1;31.12.2019;9;
S.05.01.02.01;R0120;C0020;;11;1;31.12.2019;9;
S.05.01.02.01;R0120;C0030;;11;1;31.12.2019;9;
S.05.01.02.01;R0120;C0040;;11;1;31.12.2019;9;
S.05.01.02.01;R0120;C0050;;11;1;31.12.2019;9;
S.05.01.02.01;R0120;C0060;;11;1;31.12.2019;9;
S.05.01.02.01;R0120;C0070;;11;1;31.12.2019;9;
S.05.01.02.01;R0120;C0080;;11;1;31.12.2019;9;
S.05.01.02.01;R0120;C0090;;11;1;31.12.2019;9;
S.05.01.02.01;R0120;C0100;;11;1;31.12.2019;9;
S.05.01.02.01;R0120;C0110;;11;1;31.12.2019;9;
S.05.01.02.01;R0120;C0120;;11;1;31.12.2019;9;
S.05.01.02.01;R0120;C0130;;11;1;31.12.2019;9;
S.05.01.02.01;R0120;C0140;;11;1;31.12.2019;9;
S.05.01.02.01;R0120;C0150;;11;1;31.12.2019;9;
S.05.01.02.01;R0120;C0160;;11;1;31.12.2019;9;
S.05.01.02.01;R0120;C0200;;11;1;31.12.2019;9;
S.05.01.02.01;R0130;C0010;;11;1;31.12.2019;9;
S.05.01.02.01;R0130;C0020;;11;1;31.12.2019;9;
S.05.01.02.01;R0130;C0030;;11;1;31.12.2019;9;
S.05.01.02.01;R0130;C0040;;11;1;31.12.2019;9;
S.05.01.02.01;R0130;C0050;;11;1;31.12.2019;9;
S.05.01.02.01;R0130;C0060;;11;1;31.12.2019;9;
S.05.01.02.01;R0130;C0070;;11;1;31.12.2019;9;
S.05.01.02.01;R0130;C0080;;11;1;31.12.2019;9;
S.05.01.02.01;R0130;C0090;;11;1;31.12.2019;9;
S.05.01.02.01;R0130;C0100;;11;1;31.12.2019;9;
S.05.01.02.01;R0130;C0110;;11;1;31.12.2019;9;
S.05.01.02.01;R0130;C0120;;11;1;31.12.2019;9;
S.05.01.02.01;R0130;C0130;;11;1;31.12.2019;9;
S.05.01.02.01;R0130;C0140;;11;1;31.12.2019;9;
S.05.01.02.01;R0130;C0150;;11;1;31.12.2019;9;
S.05.01.02.01;R0130;C0160;;11;1;31.12.2019;9;
S.05.01.02.01;R0130;C0200;;11;1;31.12.2019;9;
S.05.01.02.01;R0140;C0010;;11;1;31.12.2019;9;
S.05.01.02.01;R0140;C0020;;11;1;31.12.2019;9;
S.05.01.02.01;R0140;C0030;;11;1;31.12.2019;9;
S.05.01.02.01;R0140;C0040;;11;1;31.12.2019;9;
S.05.01.02.01;R0140;C0050;;11;1;31.12.2019;9;
S.05.01.02.01;R0140;C0060;;11;1;31.12.2019;9;
S.05.01.02.01;R0140;C0070;;11;1;31.12.2019;9;
S.05.01.02.01;R0140;C0080;;11;1;31.12.2019;9;
S.05.01.02.01;R0140;C0090;;11;1;31.12.2019;9;
S.05.01.02.01;R0140;C0100;;11;1;31.12.2019;9;
S.05.01.02.01;R0140;C0110;;11;1;31.12.2019;9;
S.05.01.02.01;R0140;C0120;;11;1;31.12.2019;9;
S.05.01.02.01;R0140;C0130;;11;1;31.12.2019;9;
S.05.01.02.01;R0140;C0140;;11;1;31.12.2019;9;
S.05.01.02.01;R0140;C0150;;11;1;31.12.2019;9;
S.05.01.02.01;R0140;C0160;;11;1;31.12.2019;9;
S.05.01.02.01;R0140;C0200;;11;1;31.12.2019;9;
S.05.01.02.01;R0200;C0010;;11;1;31.12.2019;9;
S.05.01.02.01;R0200;C0020;;11;1;31.12.2019;9;
S.05.01.02.01;R0200;C0030;;11;1;31.12.2019;9;
S.05.01.02.01;R0200;C0040;;11;1;31.12.2019;9;
S.05.01.02.01;R0200;C0050;;11;1;31.12.2019;9;
S.05.01.02.01;R0200;C0060;;11;1;31.12.2019;9;
S.05.01.02.01;R0200;C0070;;11;1;31.12.2019;9;
S.05.01.02.01;R0200;C0080;;11;1;31.12.2019;9;
S.05.01.02.01;R0200;C0090;;11;1;31.12.2019;9;
S.05.01.02.01;R0200;C0100;;11;1;31.12.2019;9;
S.05.01.02.01;R0200;C0110;;11;1;31.12.2019;9;
S.05.01.02.01;R0200;C0120;;11;1;31.12.2019;9;
S.05.01.02.01;R0200;C0130;;11;1;31.12.2019;9;
S.05.01.02.01;R0200;C0140;;11;1;31.12.2019;9;
S.05.01.02.01;R0200;C0150;;11;1;31.12.2019;9;
S.05.01.02.01;R0200;C0160;;11;1;31.12.2019;9;
S.05.01.02.01;R0200;C0200;;11;1;31.12.2019;9;
S.05.01.02.01;R0210;C0010;;11;1;31.12.2019;9;
S.05.01.02.01;R0210;C0020;;11;1;31.12.2019;9;
S.05.01.02.01;R0210;C0030;;11;1;31.12.2019;9;
S.05.01.02.01;R0210;C0040;;11;1;31.12.2019;9;
S.05.01.02.01;R0210;C0050;;11;1;31.12.2019;9;
S.05.01.02.01;R0210;C0060;;11;1;31.12.2019;9;
S.05.01.02.01;R0210;C0070;;11;1;31.12.2019;9;
S.05.01.02.01;R0210;C0080;;11;1;31.12.2019;9;
S.05.01.02.01;R0210;C0090;;11;1;31.12.2019;9;
S.05.01.02.01;R0210;C0100;;11;1;31.12.2019;9;
S.05.01.02.01;R0210;C0110;;11;1;31.12.2019;9;
S.05.01.02.01;R0210;C0120;;11;1;31.12.2019;9;
S.05.01.02.01;R0210;C0130;;11;1;31.12.2019;9;
S.05.01.02.01;R0210;C0140;;11;1;31.12.2019;9;
S.05.01.02.01;R0210;C0150;;11;1;31.12.2019;9;
S.05.01.02.01;R0210;C0160;;11;1;31.12.2019;9;
S.05.01.02.01;R0210;C0200;;11;1;31.12.2019;9;
S.05.01.02.01;R0220;C0010;;11;1;31.12.2019;9;
S.05.01.02.01;R0220;C0020;;11;1;31.12.2019;9;
S.05.01.02.01;R0220;C0030;;11;1;31.12.2019;9;
S.05.01.02.01;R0220;C0040;;11;1;31.12.2019;9;
S.05.01.02.01;R0220;C0050;;11;1;31.12.2019;9;
S.05.01.02.01;R0220;C0060;;11;1;31.12.2019;9;
S.05.01.02.01;R0220;C0070;;11;1;31.12.2019;9;
S.05.01.02.01;R0220;C0080;;11;1;31.12.2019;9;
S.05.01.02.01;R0220;C0090;;11;1;31.12.2019;9;
S.05.01.02.01;R0220;C0100;;11;1;31.12.2019;9;
S.05.01.02.01;R0220;C0110;;11;1;31.12.2019;9;
S.05.01.02.01;R0220;C0120;;11;1;31.12.2019;9;
S.05.01.02.01;R0220;C0130;;11;1;31.12.2019;9;
S.05.01.02.01;R0220;C0140;;11;1;31.12.2019;9;
S.05.01.02.01;R0220;C0150;;11;1;31.12.2019;9;
S.05.01.02.01;R0220;C0160;;11;1;31.12.2019;9;
S.05.01.02.01;R0220;C0200;;11;1;31.12.2019;9;
S.05.01.02.01;R0230;C0010;;11;1;31.12.2019;9;
S.05.01.02.01;R0230;C0020;;11;1;31.12.2019;9;
S.05.01.02.01;R0230;C0030;;11;1;31.12.2019;9;
S.05.01.02.01;R0230;C0040;;11;1;31.12.2019;9;
S.05.01.02.01;R0230;C0050;;11;1;31.12.2019;9;
S.05.01.02.01;R0230;C0060;;11;1;31.12.2019;9;
S.05.01.02.01;R0230;C0070;;11;1;31.12.2019;9;
S.05.01.02.01;R0230;C0080;;11;1;31.12.2019;9;
S.05.01.02.01;R0230;C0090;;11;1;31.12.2019;9;
S.05.01.02.01;R0230;C0100;;11;1;31.12.2019;9;
S.05.01.02.01;R0230;C0110;;11;1;31.12.2019;9;
S.05.01.02.01;R0230;C0120;;11;1;31.12.2019;9;
S.05.01.02.01;R0230;C0130;;11;1;31.12.2019;9;
S.05.01.02.01;R0230;C0140;;11;1;31.12.2019;9;
S.05.01.02.01;R0230;C0150;;11;1;31.12.2019;9;
S.05.01.02.01;R0230;C0160;;11;1;31.12.2019;9;
S.05.01.02.01;R0230;C0200;;11;1;31.12.2019;9;
S.05.01.02.01;R0240;C0010;;11;1;31.12.2019;9;
S.05.01.02.01;R0240;C0020;;11;1;31.12.2019;9;
S.05.01.02.01;R0240;C0030;;11;1;31.12.2019;9;
S.05.01.02.01;R0240;C0040;;11;1;31.12.2019;9;
S.05.01.02.01;R0240;C0050;;11;1;31.12.2019;9;
S.05.01.02.01;R0240;C0060;;11;1;31.12.2019;9;
S.05.01.02.01;R0240;C0070;;11;1;31.12.2019;9;
S.05.01.02.01;R0240;C0080;;11;1;31.12.2019;9;
S.05.01.02.01;R0240;C0090;;11;1;31.12.2019;9;
S.05.01.02.01;R0240;C0100;;11;1;31.12.2019;9;
S.05.01.02.01;R0240;C0110;;11;1;31.12.2019;9;
S.05.01.02.01;R0240;C0120;;11;1;31.12.2019;9;
S.05.01.02.01;R0240;C0130;;11;1;31.12.2019;9;
S.05.01.02.01;R0240;C0140;;11;1;31.12.2019;9;
S.05.01.02.01;R0240;C0150;;11;1;31.12.2019;9;
S.05.01.02.01;R0240;C0160;;11;1;31.12.2019;9;
S.05.01.02.01;R0240;C0200;;11;1;31.12.2019;9;
S.05.01.02.01;R0300;C0010;;11;1;31.12.2019;9;
S.05.01.02.01;R0300;C0020;;11;1;31.12.2019;9;
S.05.01.02.01;R0300;C0030;;11;1;31.12.2019;9;
S.05.01.02.01;R0300;C0040;;11;1;31.12.2019;9;
S.05.01.02.01;R0300;C0050;;11;1;31.12.2019;9;
S.05.01.02.01;R0300;C0060;;11;1;31.12.2019;9;
S.05.01.02.01;R0300;C0070;;11;1;31.12.2019;9;
S.05.01.02.01;R0300;C0080;;11;1;31.12.2019;9;
S.05.01.02.01;R0300;C0090;;11;1;31.12.2019;9;
S.05.01.02.01;R0300;C0100;;11;1;31.12.2019;9;
S.05.01.02.01;R0300;C0110;;11;1;31.12.2019;9;
S.05.01.02.01;R0300;C0120;;11;1;31.12.2019;9;
S.05.01.02.01;R0300;C0130;;11;1;31.12.2019;9;
S.05.01.02.01;R0300;C0140;;11;1;31.12.2019;9;
S.05.01.02.01;R0300;C0150;;11;1;31.12.2019;9;
S.05.01.02.01;R0300;C0160;;11;1;31.12.2019;9;
S.05.01.02.01;R0300;C0200;;11;1;31.12.2019;9;
S.05.01.02.01;R0310;C0010;;11;1;31.12.2019;9;
S.05.01.02.01;R0310;C0020;;11;1;31.12.2019;9;
S.05.01.02.01;R0310;C0030;;11;1;31.12.2019;9;
S.05.01.02.01;R0310;C0040;;11;1;31.12.2019;9;
S.05.01.02.01;R0310;C0050;;11;1;31.12.2019;9;
S.05.01.02.01;R0310;C0060;;11;1;31.12.2019;9;
S.05.01.02.01;R0310;C0070;;11;1;31.12.2019;9;
S.05.01.02.01;R0310;C0080;;11;1;31.12.2019;9;
S.05.01.02.01;R0310;C0090;;11;1;31.12.2019;9;
S.05.01.02.01;R0310;C0100;;11;1;31.12.2019;9;
S.05.01.02.01;R0310;C0110;;11;1;31.12.2019;9;
S.05.01.02.01;R0310;C0120;;11;1;31.12.2019;9;
S.05.01.02.01;R0310;C0130;;11;1;31.12.2019;9;
S.05.01.02.01;R0310;C0140;;11;1;31.12.2019;9;
S.05.01.02.01;R0310;C0150;;11;1;31.12.2019;9;
S.05.01.02.01;R0310;C0160;;11;1;31.12.2019;9;
S.05.01.02.01;R0310;C0200;;11;1;31.12.2019;9;
S.05.01.02.01;R0320;C0010;;11;1;31.12.2019;9;
S.05.01.02.01;R0320;C0020;;11;1;31.12.2019;9;
S.05.01.02.01;R0320;C0030;;11;1;31.12.2019;9;
S.05.01.02.01;R0320;C0040;;11;1;31.12.2019;9;
S.05.01.02.01;R0320;C0050;;11;1;31.12.2019;9;
S.05.01.02.01;R0320;C0060;;11;1;31.12.2019;9;
S.05.01.02.01;R0320;C0070;;11;1;31.12.2019;9;
S.05.01.02.01;R0320;C0080;;11;1;31.12.2019;9;
S.05.01.02.01;R0320;C0090;;11;1;31.12.2019;9;
S.05.01.02.01;R0320;C0100;;11;1;31.12.2019;9;
S.05.01.02.01;R0320;C0110;;11;1;31.12.2019;9;
S.05.01.02.01;R0320;C0120;;11;1;31.12.2019;9;
S.05.01.02.01;R0320;C0130;;11;1;31.12.2019;9;
S.05.01.02.01;R0320;C0140;;11;1;31.12.2019;9;
S.05.01.02.01;R0320;C0150;;11;1;31.12.2019;9;
S.05.01.02.01;R0320;C0160;;11;1;31.12.2019;9;
S.05.01.02.01;R0320;C0200;;11;1;31.12.2019;9;
S.05.01.02.01;R0330;C0010;;11;1;31.12.2019;9;
S.05.01.02.01;R0330;C0020;;11;1;31.12.2019;9;
S.05.01.02.01;R0330;C0030;;11;1;31.12.2019;9;
S.05.01.02.01;R0330;C0040;;11;1;31.12.2019;9;
S.05.01.02.01;R0330;C0050;;11;1;31.12.2019;9;
S.05.01.02.01;R0330;C0060;;11;1;31.12.2019;9;
S.05.01.02.01;R0330;C0070;;11;1;31.12.2019;9;
S.05.01.02.01;R0330;C0080;;11;1;31.12.2019;9;
S.05.01.02.01;R0330;C0090;;11;1;31.12.2019;9;
S.05.01.02.01;R0330;C0100;;11;1;31.12.2019;9;
S.05.01.02.01;R0330;C0110;;11;1;31.12.2019;9;
S.05.01.02.01;R0330;C0120;;11;1;31.12.2019;9;
S.05.01.02.01;R0330;C0130;;11;1;31.12.2019;9;
S.05.01.02.01;R0330;C0140;;11;1;31.12.2019;9;
S.05.01.02.01;R0330;C0150;;11;1;31.12.2019;9;
S.05.01.02.01;R0330;C0160;;11;1;31.12.2019;9;
S.05.01.02.01;R0330;C0200;;11;1;31.12.2019;9;
S.05.01.02.01;R0340;C0010;;11;1;31.12.2019;9;
S.05.01.02.01;R0340;C0020;;11;1;31.12.2019;9;
S.05.01.02.01;R0340;C0030;;11;1;31.12.2019;9;
S.05.01.02.01;R0340;C0040;;11;1;31.12.2019;9;
S.05.01.02.01;R0340;C0050;;11;1;31.12.2019;9;
S.05.01.02.01;R0340;C0060;;11;1;31.12.2019;9;
S.05.01.02.01;R0340;C0070;;11;1;31.12.2019;9;
S.05.01.02.01;R0340;C0080;;11;1;31.12.2019;9;
S.05.01.02.01;R0340;C0090;;11;1;31.12.2019;9;
S.05.01.02.01;R0340;C0100;;11;1;31.12.2019;9;
S.05.01.02.01;R0340;C0110;;11;1;31.12.2019;9;
S.05.01.02.01;R0340;C0120;;11;1;31.12.2019;9;
S.05.01.02.01;R0340;C0130;;11;1;31.12.2019;9;
S.05.01.02.01;R0340;C0140;;11;1;31.12.2019;9;
S.05.01.02.01;R0340;C0150;;11;1;31.12.2019;9;
S.05.01.02.01;R0340;C0160;;11;1;31.12.2019;9;
S.05.01.02.01;R0340;C0200;;11;1;31.12.2019;9;
S.05.01.02.01;R0400;C0010;;11;1;31.12.2019;9;
S.05.01.02.01;R0400;C0020;;11;1;31.12.2019;9;
S.05.01.02.01;R0400;C0030;;11;1;31.12.2019;9;
S.05.01.02.01;R0400;C0040;;11;1;31.12.2019;9;
S.05.01.02.01;R0400;C0050;;11;1;31.12.2019;9;
S.05.01.02.01;R0400;C0060;;11;1;31.12.2019;9;
S.05.01.02.01;R0400;C0070;;11;1;31.12.2019;9;
S.05.01.02.01;R0400;C0080;;11;1;31.12.2019;9;
S.05.01.02.01;R0400;C0090;;11;1;31.12.2019;9;
S.05.01.02.01;R0400;C0100;;11;1;31.12.2019;9;
S.05.01.02.01;R0400;C0110;;11;1;31.12.2019;9;
S.05.01.02.01;R0400;C0120;;11;1;31.12.2019;9;
S.05.01.02.01;R0400;C0130;;11;1;31.12.2019;9;
S.05.01.02.01;R0400;C0140;;11;1;31.12.2019;9;
S.05.01.02.01;R0400;C0150;;11;1;31.12.2019;9;
S.05.01.02.01;R0400;C0160;;11;1;31.12.2019;9;
S.05.01.02.01;R0400;C0200;;11;1;31.12.2019;9;
S.05.01.02.01;R0410;C0010;;11;1;31.12.2019;9;
S.05.01.02.01;R0410;C0020;;11;1;31.12.2019;9;
S.05.01.02.01;R0410;C0030;;11;1;31.12.2019;9;
S.05.01.02.01;R0410;C0040;;11;1;31.12.2019;9;
S.05.01.02.01;R0410;C0050;;11;1;31.12.2019;9;
S.05.01.02.01;R0410;C0060;;11;1;31.12.2019;9;
S.05.01.02.01;R0410;C0070;;11;1;31.12.2019;9;
S.05.01.02.01;R0410;C0080;;11;1;31.12.2019;9;
S.05.01.02.01;R0410;C0090;;11;1;31.12.2019;9;
S.05.01.02.01;R0410;C0100;;11;1;31.12.2019;9;
S.05.01.02.01;R0410;C0110;;11;1;31.12.2019;9;
S.05.01.02.01;R0410;C0120;;11;1;31.12.2019;9;
S.05.01.02.01;R0410;C0130;;11;1;31.12.2019;9;
S.05.01.02.01;R0410;C0140;;11;1;31.12.2019;9;
S.05.01.02.01;R0410;C0150;;11;1;31.12.2019;9;
S.05.01.02.01;R0410;C0160;;11;1;31.12.2019;9;
S.05.01.02.01;R0410;C0200;;11;1;31.12.2019;9;
S.05.01.02.01;R0420;C0010;;11;1;31.12.2019;9;
S.05.01.02.01;R0420;C0020;;11;1;31.12.2019;9;
S.05.01.02.01;R0420;C0030;;11;1;31.12.2019;9;
S.05.01.02.01;R0420;C0040;;11;1;31.12.2019;9;
S.05.01.02.01;R0420;C0050;;11;1;31.12.2019;9;
S.05.01.02.01;R0420;C0060;;11;1;31.12.2019;9;
S.05.01.02.01;R0420;C0070;;11;1;31.12.2019;9;
S.05.01.02.01;R0420;C0080;;11;1;31.12.2019;9;
S.05.01.02.01;R0420;C0090;;11;1;31.12.2019;9;
S.05.01.02.01;R0420;C0100;;11;1;31.12.2019;9;
S.05.01.02.01;R0420;C0110;;11;1;31.12.2019;9;
S.05.01.02.01;R0420;C0120;;11;1;31.12.2019;9;
S.05.01.02.01;R0420;C0130;;11;1;31.12.2019;9;
S.05.01.02.01;R0420;C0140;;11;1;31.12.2019;9;
S.05.01.02.01;R0420;C0150;;11;1;31.12.2019;9;
S.05.01.02.01;R0420;C0160;;11;1;31.12.2019;9;
S.05.01.02.01;R0420;C0200;;11;1;31.12.2019;9;
S.05.01.02.01;R0430;C0010;;11;1;31.12.2019;9;
S.05.01.02.01;R0430;C0020;;11;1;31.12.2019;9;
S.05.01.02.01;R0430;C0030;;11;1;31.12.2019;9;
S.05.01.02.01;R0430;C0040;;11;1;31.12.2019;9;
S.05.01.02.01;R0430;C0050;;11;1;31.12.2019;9;
S.05.01.02.01;R0430;C0060;;11;1;31.12.2019;9;
S.05.01.02.01;R0430;C0070;;11;1;31.12.2019;9;
S.05.01.02.01;R0430;C0080;;11;1;31.12.2019;9;
S.05.01.02.01;R0430;C0090;;11;1;31.12.2019;9;
S.05.01.02.01;R0430;C0100;;11;1;31.12.2019;9;
S.05.01.02.01;R0430;C0110;;11;1;31.12.2019;9;
S.05.01.02.01;R0430;C0120;;11;1;31.12.2019;9;
S.05.01.02.01;R0430;C0130;;11;1;31.12.2019;9;
S.05.01.02.01;R0430;C0140;;11;1;31.12.2019;9;
S.05.01.02.01;R0430;C0150;;11;1;31.12.2019;9;
S.05.01.02.01;R0430;C0160;;11;1;31.12.2019;9;
S.05.01.02.01;R0430;C0200;;11;1;31.12.2019;9;
S.05.01.02.01;R0440;C0010;;11;1;31.12.2019;9;
S.05.01.02.01;R0440;C0020;;11;1;31.12.2019;9;
S.05.01.02.01;R0440;C0030;;11;1;31.12.2019;9;
S.05.01.02.01;R0440;C0040;;11;1;31.12.2019;9;
S.05.01.02.01;R0440;C0050;;11;1;31.12.2019;9;
S.05.01.02.01;R0440;C0060;;11;1;31.12.2019;9;
S.05.01.02.01;R0440;C0070;;11;1;31.12.2019;9;
S.05.01.02.01;R0440;C0080;;11;1;31.12.2019;9;
S.05.01.02.01;R0440;C0090;;11;1;31.12.2019;9;
S.05.01.02.01;R0440;C0100;;11;1;31.12.2019;9;
S.05.01.02.01;R0440;C0110;;11;1;31.12.2019;9;
S.05.01.02.01;R0440;C0120;;11;1;31.12.2019;9;
S.05.01.02.01;R0440;C0130;;11;1;31.12.2019;9;
S.05.01.02.01;R0440;C0140;;11;1;31.12.2019;9;
S.05.01.02.01;R0440;C0150;;11;1;31.12.2019;9;
S.05.01.02.01;R0440;C0160;;11;1;31.12.2019;9;
S.05.01.02.01;R0440;C0200;;11;1;31.12.2019;9;
S.05.01.02.01;R0500;C0010;;11;1;31.12.2019;9;
S.05.01.02.01;R0500;C0020;;11;1;31.12.2019;9;
S.05.01.02.01;R0500;C0030;;11;1;31.12.2019;9;
S.05.01.02.01;R0500;C0040;;11;1;31.12.2019;9;
S.05.01.02.01;R0500;C0050;;11;1;31.12.2019;9;
S.05.01.02.01;R0500;C0060;;11;1;31.12.2019;9;
S.05.01.02.01;R0500;C0070;;11;1;31.12.2019;9;
S.05.01.02.01;R0500;C0080;;11;1;31.12.2019;9;
S.05.01.02.01;R0500;C0090;;11;1;31.12.2019;9;
S.05.01.02.01;R0500;C0100;;11;1;31.12.2019;9;
S.05.01.02.01;R0500;C0110;;11;1;31.12.2019;9;
S.05.01.02.01;R0500;C0120;;11;1;31.12.2019;9;
S.05.01.02.01;R0500;C0130;;11;1;31.12.2019;9;
S.05.01.02.01;R0500;C0140;;11;1;31.12.2019;9;
S.05.01.02.01;R0500;C0150;;11;1;31.12.2019;9;
S.05.01.02.01;R0500;C0160;;11;1;31.12.2019;9;
S.05.01.02.01;R0500;C0200;;11;1;31.12.2019;9;
S.05.01.02.01;R0550;C0010;;11;1;31.12.2019;9;
S.05.01.02.01;R0550;C0020;;11;1;31.12.2019;9;
S.05.01.02.01;R0550;C0030;;11;1;31.12.2019;9;
S.05.01.02.01;R0550;C0040;;11;1;31.12.2019;9;
S.05.01.02.01;R0550;C0050;;11;1;31.12.2019;9;
S.05.01.02.01;R0550;C0060;;11;1;31.12.2019;9;
S.05.01.02.01;R0550;C0070;;11;1;31.12.2019;9;
S.05.01.02.01;R0550;C0080;;11;1;31.12.2019;9;
S.05.01.02.01;R0550;C0090;;11;1;31.12.2019;9;
S.05.01.02.01;R0550;C0100;;11;1;31.12.2019;9;
S.05.01.02.01;R0550;C0110;;11;1;31.12.2019;9;
S.05.01.02.01;R0550;C0120;;11;1;31.12.2019;9;
S.05.01.02.01;R0550;C0130;;11;1;31.12.2019;9;
S.05.01.02.01;R0550;C0140;;11;1;31.12.2019;9;
S.05.01.02.01;R0550;C0150;;11;1;31.12.2019;9;
S.05.01.02.01;R0550;C0160;;11;1;31.12.2019;9;
S.05.01.02.01;R0550;C0200;;11;1;31.12.2019;9;
S.05.01.02.01;R1200;C0010;;11;1;31.12.2019;9;
S.05.01.02.01;R1200;C0020;;11;1;31.12.2019;9;
S.05.01.02.01;R1200;C0030;;11;1;31.12.2019;9;
S.05.01.02.01;R1200;C0040;;11;1;31.12.2019;9;
S.05.01.02.01;R1200;C0050;;11;1;31.12.2019;9;
S.05.01.02.01;R1200;C0060;;11;1;31.12.2019;9;
S.05.01.02.01;R1200;C0070;;11;1;31.12.2019;9;
S.05.01.02.01;R1200;C0080;;11;1;31.12.2019;9;
S.05.01.02.01;R1200;C0090;;11;1;31.12.2019;9;
S.05.01.02.01;R1200;C0100;;11;1;31.12.2019;9;
S.05.01.02.01;R1200;C0110;;11;1;31.12.2019;9;
S.05.01.02.01;R1200;C0120;;11;1;31.12.2019;9;
S.05.01.02.01;R1200;C0130;;11;1;31.12.2019;9;
S.05.01.02.01;R1200;C0140;;11;1;31.12.2019;9;
S.05.01.02.01;R1200;C0150;;11;1;31.12.2019;9;
S.05.01.02.01;R1200;C0160;;11;1;31.12.2019;9;
S.05.01.02.01;R1200;C0200;;11;1;31.12.2019;9;
S.05.01.02.01;R1300;C0010;;11;1;31.12.2019;9;
S.05.01.02.01;R1300;C0020;;11;1;31.12.2019;9;
S.05.01.02.01;R1300;C0030;;11;1;31.12.2019;9;
S.05.01.02.01;R1300;C0040;;11;1;31.12.2019;9;
S.05.01.02.01;R1300;C0050;;11;1;31.12.2019;9;
S.05.01.02.01;R1300;C0060;;11;1;31.12.2019;9;
S.05.01.02.01;R1300;C0070;;11;1;31.12.2019;9;
S.05.01.02.01;R1300;C0080;;11;1;31.12.2019;9;
S.05.01.02.01;R1300;C0090;;11;1;31.12.2019;9;
S.05.01.02.01;R1300;C0100;;11;1;31.12.2019;9;
S.05.01.02.01;R1300;C0110;;11;1;31.12.2019;9;
S.05.01.02.01;R1300;C0120;;11;1;31.12.2019;9;
S.05.01.02.01;R1300;C0130;;11;1;31.12.2019;9;
S.05.01.02.01;R1300;C0140;;11;1;31.12.2019;9;
S.05.01.02.01;R1300;C0150;;11;1;31.12.2019;9;
S.05.01.02.01;R1300;C0160;;11;1;31.12.2019;9;
S.05.01.02.01;R1300;C0200;;11;1;31.12.2019;9;
S.05.01.02.02;R1410;C0210;94517.0;11;1;31.12.2019;9;
S.05.01.02.02;R1410;C0220;17608.0;11;1;31.12.2019;9;
S.05.01.02.02;R1410;C0230;164218.0;11;1;31.12.2019;9;
S.05.01.02.02;R1410;C0240;326758.0;11;1;31.12.2019;9;
S.05.01.02.02;R1410;C0250;;11;1;31.12.2019;9;
S.05.01.02.02;R1410;C0260;;11;1;31.12.2019;9;
S.05.01.02.02;R1410;C0270;;11;1;31.12.2019;9;
S.05.01.02.02;R1410;C0280;;11;1;31.12.2019;9;
S.05.01.02.02;R1410;C0300;603101.0;11;1;31.12.2019;9;
S.05.01.02.02;R1420;C0210;9925.0;11;1;31.12.2019;9;
S.05.01.02.02;R1420;C0220;33.0;11;1;31.12.2019;9;
S.05.01.02.02;R1420;C0230;605.0;11;1;31.12.2019;9;
S.05.01.02.02;R1420;C0240;14283.0;11;1;31.12.2019;9;
S.05.01.02.02;R1420;C0250;;11;1;31.12.2019;9;
S.05.01.02.02;R1420;C0260;;11;1;31.12.2019;9;
S.05.01.02.02;R1420;C0270;;11;1;31.12.2019;9;
S.05.01.02.02;R1420;C0280;;11;1;31.12.2019;9;
S.05.01.02.02;R1420;C0300;24846.0;11;1;31.12.2019;9;
S.05.01.02.02;R1500;C0210;84592.0;11;1;31.12.2019;9;
S.05.01.02.02;R1500;C0220;17575.0;11;1;31.12.2019;9;
S.05.01.02.02;R1500;C0230;163613.0;11;1;31.12.2019;9;
S.05.01.02.02;R1500;C0240;312475.0;11;1;31.12.2019;9;
S.05.01.02.02;R1500;C0250;;11;1;31.12.2019;9;
S.05.01.02.02;R1500;C0260;;11;1;31.12.2019;9;
S.05.01.02.02;R1500;C0270;;11;1;31.12.2019;9;
S.05.01.02.02;R1500;C0280;;11;1;31.12.2019;9;
S.05.01.02.02;R1500;C0300;578255.0;11;1;31.12.2019;9;
S.05.01.02.02;R1510;C0210;94492.0;11;1;31.12.2019;9;
S.05.01.02.02;R1510;C0220;17881.0;11;1;31.12.2019;9;
S.05.01.02.02;R1510;C0230;164731.0;11;1;31.12.2019;9;
S.05.01.02.02;R1510;C0240;326473.0;11;1;31.12.2019;9;
S.05.01.02.02;R1510;C0250;;11;1;31.12.2019;9;
S.05.01.02.02;R1510;C0260;;11;1;31.12.2019;9;
S.05.01.02.02;R1510;C0270;;11;1;31.12.2019;9;
S.05.01.02.02;R1510;C0280;;11;1;31.12.2019;9;
S.05.01.02.02;R1510;C0300;603577.0;11;1;31.12.2019;9;
S.05.01.02.02;R1520;C0210;9925.0;11;1;31.12.2019;9;
S.05.01.02.02;R1520;C0220;33.0;11;1;31.12.2019;9;
S.05.01.02.02;R1520;C0230;605.0;11;1;31.12.2019;9;
S.05.01.02.02;R1520;C0240;14198.0;11;1;31.12.2019;9;
S.05.01.02.02;R1520;C0250;;11;1;31.12.2019;9;
S.05.01.02.02;R1520;C0260;;11;1;31.12.2019;9;
S.05.01.02.02;R1520;C0270;;11;1;31.12.2019;9;
S.05.01.02.02;R1520;C0280;;11;1;31.12.2019;9;
S.05.01.02.02;R1520;C0300;24761.0;11;1;31.12.2019;9;
S.05.01.02.02;R1600;C0210;84567.0;11;1;31.12.2019;9;
S.05.01.02.02;R1600;C0220;17848.0;11;1;31.12.2019;9;
S.05.01.02.02;R1600;C0230;164126.0;11;1;31.12.2019;9;
S.05.01.02.02;R1600;C0240;312275.0;11;1;31.12.2019;9;
S.05.01.02.02;R1600;C0250;;11;1;31.12.2019;9;
S.05.01.02.02;R1600;C0260;;11;1;31.12.2019;9;
S.05.01.02.02;R1600;C0270;;11;1;31.12.2019;9;
S.05.01.02.02;R1600;C0280;;11;1;31.12.2019;9;
S.05.01.02.02;R1600;C0300;578816.0;11;1;31.12.2019;9;
S.05.01.02.02;R1610;C0210;63966.0;11;1;31.12.2019;9;
S.05.01.02.02;R1610;C0220;28933.0;11;1;31.12.2019;9;
S.05.01.02.02;R1610;C0230;287193.0;11;1;31.12.2019;9;
S.05.01.02.02;R1610;C0240;148316.0;11;1;31.12.2019;9;
S.05.01.02.02;R1610;C0250;;11;1;31.12.2019;9;
S.05.01.02.02;R1610;C0260;;11;1;31.12.2019;9;
S.05.01.02.02;R1610;C0270;;11;1;31.12.2019;9;
S.05.01.02.02;R1610;C0280;;11;1;31.12.2019;9;
S.05.01.02.02;R1610;C0300;528408.0;11;1;31.12.2019;9;
S.05.01.02.02;R1620;C0210;7424.0;11;1;31.12.2019;9;
S.05.01.02.02;R1620;C0220;0.0;11;1;31.12.2019;9;
S.05.01.02.02;R1620;C0230;51.0;11;1;31.12.2019;9;
S.05.01.02.02;R1620;C0240;8004.0;11;1;31.12.2019;9;
S.05.01.02.02;R1620;C0250;;11;1;31.12.2019;9;
S.05.01.02.02;R1620;C0260;;11;1;31.12.2019;9;
S.05.01.02.02;R1620;C0270;;11;1;31.12.2019;9;
S.05.01.02.02;R1620;C0280;;11;1;31.12.2019;9;
S.05.01.02.02;R1620;C0300;15479.0;11;1;31.12.2019;9;
S.05.01.02.02;R1700;C0210;56542.0;11;1;31.12.2019;9;
S.05.01.02.02;R1700;C0220;28933.0;11;1;31.12.2019;9;
S.05.01.02.02;R1700;C0230;287142.0;11;1;31.12.2019;9;
S.05.01.02.02;R1700;C0240;140312.0;11;1;31.12.2019;9;
S.05.01.02.02;R1700;C0250;;11;1;31.12.2019;9;
S.05.01.02.02;R1700;C0260;;11;1;31.12.2019;9;
S.05.01.02.02;R1700;C0270;;11;1;31.12.2019;9;
S.05.01.02.02;R1700;C0280;;11;1;31.12.2019;9;
S.05.01.02.02;R1700;C0300;512929.0;11;1;31.12.2019;9;
S.05.01.02.02;R1710;C0210;0.0;11;1;31.12.2019;9;
S.05.01.02.02;R1710;C0220;9412.0;11;1;31.12.2019;9;
S.05.01.02.02;R1710;C0230;64314.0;11;1;31.12.2019;9;
S.05.01.02.02;R1710;C0240;-5791.0;11;1;31.12.2019;9;
S.05.01.02.02;R1710;C0250;;11;1;31.12.2019;9;
S.05.01.02.02;R1710;C0260;;11;1;31.12.2019;9;
S.05.01.02.02;R1710;C0270;;11;1;31.12.2019;9;
S.05.01.02.02;R1710;C0280;;11;1;31.12.2019;9;
S.05.01.02.02;R1710;C0300;67935.0;11;1;31.12.2019;9;
S.05.01.02.02;R1720;C0210;0.0;11;1;31.12.2019;9;
S.05.01.02.02;R1720;C0220;0.0;11;1;31.12.2019;9;
S.05.01.02.02;R1720;C0230;0.0;11;1;31.12.2019;9;
S.05.01.02.02;R1720;C0240;92.0;11;1;31.12.2019;9;
S.05.01.02.02;R1720;C0250;;11;1;31.12.2019;9;
S.05.01.02.02;R1720;C0260;;11;1;31.12.2019;9;
S.05.01.02.02;R1720;C0270;;11;1;31.12.2019;9;
S.05.01.02.02;R1720;C0280;;11;1;31.12.2019;9;
S.05.01.02.02;R1720;C0300;92.0;11;1;31.12.2019;9;
S.05.01.02.02;R1800;C0210;0.0;11;1;31.12.2019;9;
S.05.01.02.02;R1800;C0220;9412.0;11;1;31.12.2019;9;
S.05.01.02.02;R1800;C0230;64314.0;11;1;31.12.2019;9;
S.05.01.02.02;R1800;C0240;-5883.0;11;1;31.12.2019;9;
S.05.01.02.02;R1800;C0250;;11;1;31.12.2019;9;
S.05.01.02.02;R1800;C0260;;11;1;31.12.2019;9;
S.05.01.02.02;R1800;C0270;;11;1;31.12.2019;9;
S.05.01.02.02;R1800;C0280;;11;1;31.12.2019;9;
S.05.01.02.02;R1800;C0300;67843.0;11;1;31.12.2019;9;
S.05.01.02.02;R1900;C0210;23608.0;11;1;31.12.2019;9;
S.05.01.02.02;R1900;C0220;4728.0;11;1;31.12.2019;9;
S.05.01.02.02;R1900;C0230;51031.0;11;1;31.12.2019;9;
S.05.01.02.02;R1900;C0240;127712.0;11;1;31.12.2019;9;
S.05.01.02.02;R1900;C0250;;11;1;31.12.2019;9;
S.05.01.02.02;R1900;C0260;;11;1;31.12.2019;9;
S.05.01.02.02;R1900;C0270;;11;1;31.12.2019;9;
S.05.01.02.02;R1900;C0280;;11;1;31.12.2019;9;
S.05.01.02.02;R1900;C0300;207079.0;11;1;31.12.2019;9;
S.05.01.02.02;R2500;C0210;;11;1;31.12.2019;9;
S.05.01.02.02;R2500;C0220;;11;1;31.12.2019;9;
S.05.01.02.02;R2500;C0230;;11;1;31.12.2019;9;
S.05.01.02.02;R2500;C0240;;11;1;31.12.2019;9;
S.05.01.02.02;R2500;C0250;;11;1;31.12.2019;9;
S.05.01.02.02;R2500;C0260;;11;1;31.12.2019;9;
S.05.01.02.02;R2500;C0270;;11;1;31.12.2019;9;
S.05.01.02.02;R2500;C0280;;11;1;31.12.2019;9;
S.05.01.02.02;R2500;C0300;3903.0;11;1;31.12.2019;9;
S.05.01.02.02;R2600;C0210;;11;1;31.12.2019;9;
S.05.01.02.02;R2600;C0220;;11;1;31.12.2019;9;
S.05.01.02.02;R2600;C0230;;11;1;31.12.2019;9;
S.05.01.02.02;R2600;C0240;;11;1;31.12.2019;9;
S.05.01.02.02;R2600;C0250;;11;1;31.12.2019;9;
S.05.01.02.02;R2600;C0260;;11;1;31.12.2019;9;
S.05.01.02.02;R2600;C0270;;11;1;31.12.2019;9;
S.05.01.02.02;R2600;C0280;;11;1;31.12.2019;9;
S.05.01.02.02;R2600;C0300;210982.0;11;1;31.12.2019;9;
S.05.01.02.01;R0110;C0010;;11;1;31.12.2019;9;
S.05.01.02.01;R0110;C0020;;11;1;31.12.2019;9;
S.05.01.02.01;R0110;C0030;;11;1;31.12.2019;9;
S.05.01.02.01;R0110;C0040;;11;1;31.12.2019;9;
S.05.01.02.01;R0110;C0050;;11;1;31.12.2019;9;
S.05.01.02.01;R0110;C0060;;11;1;31.12.2019;9;
S.05.01.02.01;R0110;C0070;;11;1;31.12.2019;9;
S.05.01.02.01;R0110;C0080;;11;1;31.12.2019;9;
S.05.01.02.01;R0110;C0090;;11;1;31.12.2019;9;
S.05.01.02.01;R0110;C0100;;11;1;31.12.2019;9;
S.05.01.02.01;R0110;C0110;;11;1;31.12.2019;9;
S.05.01.02.01;R0110;C0120;;11;1;31.12.2019;9;
S.05.01.02.01;R0110;C0130;;11;1;31.12.2019;9;
S.05.01.02.01;R0110;C0140;;11;1;31.12.2019;9;
S.05.01.02.01;R0110;C0150;;11;1;31.12.2019;9;
S.05.01.02.01;R0110;C0160;;11;1;31.12.2019;9;
S.05.01.02.01;R0110;C0200;;11;1;31.12.2019;9;
S.05.01.02.01;R0120;C0010;;11;1;31.12.2019;9;
S.05.01.02.01;R0120;C0020;;11;1;31.12.2019;9;
S.05.01.02.01;R0120;C0030;;11;1;31.12.2019;9;
S.05.01.02.01;R0120;C0040;;11;1;31.12.2019;9;
S.05.01.02.01;R0120;C0050;;11;1;31.12.2019;9;
S.05.01.02.01;R0120;C0060;;11;1;31.12.2019;9;
S.05.01.02.01;R0120;C0070;;11;1;31.12.2019;9;
S.05.01.02.01;R0120;C0080;;11;1;31.12.2019;9;
S.05.01.02.01;R0120;C0090;;11;1;31.12.2019;9;
S.05.01.02.01;R0120;C0100;;11;1;31.12.2019;9;
S.05.01.02.01;R0120;C0110;;11;1;31.12.2019;9;
S.05.01.02.01;R0120;C0120;;11;1;31.12.2019;9;
S.05.01.02.01;R0120;C0130;;11;1;31.12.2019;9;
S.05.01.02.01;R0120;C0140;;11;1;31.12.2019;9;
S.05.01.02.01;R0120;C0150;;11;1;31.12.2019;9;
S.05.01.02.01;R0120;C0160;;11;1;31.12.2019;9;
S.05.01.02.01;R0120;C0200;;11;1;31.12.2019;9;
S.05.01.02.01;R0130;C0010;;11;1;31.12.2019;9;
S.05.01.02.01;R0130;C0020;;11;1;31.12.2019;9;
S.05.01.02.01;R0130;C0030;;11;1;31.12.2019;9;
S.05.01.02.01;R0130;C0040;;11;1;31.12.2019;9;
S.05.01.02.01;R0130;C0050;;11;1;31.12.2019;9;
S.05.01.02.01;R0130;C0060;;11;1;31.12.2019;9;
S.05.01.02.01;R0130;C0070;;11;1;31.12.2019;9;
S.05.01.02.01;R0130;C0080;;11;1;31.12.2019;9;
S.05.01.02.01;R0130;C0090;;11;1;31.12.2019;9;
S.05.01.02.01;R0130;C0100;;11;1;31.12.2019;9;
S.05.01.02.01;R0130;C0110;;11;1;31.12.2019;9;
S.05.01.02.01;R0130;C0120;;11;1;31.12.2019;9;
S.05.01.02.01;R0130;C0130;;11;1;31.12.2019;9;
S.05.01.02.01;R0130;C0140;;11;1;31.12.2019;9;
S.05.01.02.01;R0130;C0150;;11;1;31.12.2019;9;
S.05.01.02.01;R0130;C0160;;11;1;31.12.2019;9;
S.05.01.02.01;R0130;C0200;;11;1;31.12.2019;9;
S.05.01.02.01;R0140;C0010;;11;1;31.12.2019;9;
S.05.01.02.01;R0140;C0020;;11;1;31.12.2019;9;
S.05.01.02.01;R0140;C0030;;11;1;31.12.2019;9;
S.05.01.02.01;R0140;C0040;;11;1;31.12.2019;9;
S.05.01.02.01;R0140;C0050;;11;1;31.12.2019;9;
S.05.01.02.01;R0140;C0060;;11;1;31.12.2019;9;
S.05.01.02.01;R0140;C0070;;11;1;31.12.2019;9;
S.05.01.02.01;R0140;C0080;;11;1;31.12.2019;9;
S.05.01.02.01;R0140;C0090;;11;1;31.12.2019;9;
S.05.01.02.01;R0140;C0100;;11;1;31.12.2019;9;
S.05.01.02.01;R0140;C0110;;11;1;31.12.2019;9;
S.05.01.02.01;R0140;C0120;;11;1;31.12.2019;9;
S.05.01.02.01;R0140;C0130;;11;1;31.12.2019;9;
S.05.01.02.01;R0140;C0140;;11;1;31.12.2019;9;
S.05.01.02.01;R0140;C0150;;11;1;31.12.2019;9;
S.05.01.02.01;R0140;C0160;;11;1;31.12.2019;9;
S.05.01.02.01;R0140;C0200;;11;1;31.12.2019;9;
S.05.01.02.01;R0200;C0010;;11;1;31.12.2019;9;
S.05.01.02.01;R0200;C0020;;11;1;31.12.2019;9;
S.05.01.02.01;R0200;C0030;;11;1;31.12.2019;9;
S.05.01.02.01;R0200;C0040;;11;1;31.12.2019;9;
S.05.01.02.01;R0200;C0050;;11;1;31.12.2019;9;
S.05.01.02.01;R0200;C0060;;11;1;31.12.2019;9;
S.05.01.02.01;R0200;C0070;;11;1;31.12.2019;9;
S.05.01.02.01;R0200;C0080;;11;1;31.12.2019;9;
S.05.01.02.01;R0200;C0090;;11;1;31.12.2019;9;
S.05.01.02.01;R0200;C0100;;11;1;31.12.2019;9;
S.05.01.02.01;R0200;C0110;;11;1;31.12.2019;9;
S.05.01.02.01;R0200;C0120;;11;1;31.12.2019;9;
S.05.01.02.01;R0200;C0130;;11;1;31.12.2019;9;
S.05.01.02.01;R0200;C0140;;11;1;31.12.2019;9;
S.05.01.02.01;R0200;C0150;;11;1;31.12.2019;9;
S.05.01.02.01;R0200;C0160;;11;1;31.12.2019;9;
S.05.01.02.01;R0200;C0200;;11;1;31.12.2019;9;
S.05.01.02.01;R0210;C0010;;11;1;31.12.2019;9;
S.05.01.02.01;R0210;C0020;;11;1;31.12.2019;9;
S.05.01.02.01;R0210;C0030;;11;1;31.12.2019;9;
S.05.01.02.01;R0210;C0040;;11;1;31.12.2019;9;
S.05.01.02.01;R0210;C0050;;11;1;31.12.2019;9;
S.05.01.02.01;R0210;C0060;;11;1;31.12.2019;9;
S.05.01.02.01;R0210;C0070;;11;1;31.12.2019;9;
S.05.01.02.01;R0210;C0080;;11;1;31.12.2019;9;
S.05.01.02.01;R0210;C0090;;11;1;31.12.2019;9;
S.05.01.02.01;R0210;C0100;;11;1;31.12.2019;9;
S.05.01.02.01;R0210;C0110;;11;1;31.12.2019;9;
S.05.01.02.01;R0210;C0120;;11;1;31.12.2019;9;
S.05.01.02.01;R0210;C0130;;11;1;31.12.2019;9;
S.05.01.02.01;R0210;C0140;;11;1;31.12.2019;9;
S.05.01.02.01;R0210;C0150;;11;1;31.12.2019;9;
S.05.01.02.01;R0210;C0160;;11;1;31.12.2019;9;
S.05.01.02.01;R0210;C0200;;11;1;31.12.2019;9;
S.05.01.02.01;R0220;C0010;;11;1;31.12.2019;9;
S.05.01.02.01;R0220;C0020;;11;1;31.12.2019;9;
S.05.01.02.01;R0220;C0030;;11;1;31.12.2019;9;
S.05.01.02.01;R0220;C0040;;11;1;31.12.2019;9;
S.05.01.02.01;R0220;C0050;;11;1;31.12.2019;9;
S.05.01.02.01;R0220;C0060;;11;1;31.12.2019;9;
S.05.01.02.01;R0220;C0070;;11;1;31.12.2019;9;
S.05.01.02.01;R0220;C0080;;11;1;31.12.2019;9;
S.05.01.02.01;R0220;C0090;;11;1;31.12.2019;9;
S.05.01.02.01;R0220;C0100;;11;1;31.12.2019;9;
S.05.01.02.01;R0220;C0110;;11;1;31.12.2019;9;
S.05.01.02.01;R0220;C0120;;11;1;31.12.2019;9;
S.05.01.02.01;R0220;C0130;;11;1;31.12.2019;9;
S.05.01.02.01;R0220;C0140;;11;1;31.12.2019;9;
S.05.01.02.01;R0220;C0150;;11;1;31.12.2019;9;
S.05.01.02.01;R0220;C0160;;11;1;31.12.2019;9;
S.05.01.02.01;R0220;C0200;;11;1;31.12.2019;9;
S.05.01.02.01;R0230;C0010;;11;1;31.12.2019;9;
S.05.01.02.01;R0230;C0020;;11;1;31.12.2019;9;
S.05.01.02.01;R0230;C0030;;11;1;31.12.2019;9;
S.05.01.02.01;R0230;C0040;;11;1;31.12.2019;9;
S.05.01.02.01;R0230;C0050;;11;1;31.12.2019;9;
S.05.01.02.01;R0230;C0060;;11;1;31.12.2019;9;
S.05.01.02.01;R0230;C0070;;11;1;31.12.2019;9;
S.05.01.02.01;R0230;C0080;;11;1;31.12.2019;9;
S.05.01.02.01;R0230;C0090;;11;1;31.12.2019;9;
S.05.01.02.01;R0230;C0100;;11;1;31.12.2019;9;
S.05.01.02.01;R0230;C0110;;11;1;31.12.2019;9;
S.05.01.02.01;R0230;C0120;;11;1;31.12.2019;9;
S.05.01.02.01;R0230;C0130;;11;1;31.12.2019;9;
S.05.01.02.01;R0230;C0140;;11;1;31.12.2019;9;
S.05.01.02.01;R0230;C0150;;11;1;31.12.2019;9;
S.05.01.02.01;R0230;C0160;;11;1;31.12.2019;9;
S.05.01.02.01;R0230;C0200;;11;1;31.12.2019;9;
S.05.01.02.01;R0240;C0010;;11;1;31.12.2019;9;
S.05.01.02.01;R0240;C0020;;11;1;31.12.2019;9;
S.05.01.02.01;R0240;C0030;;11;1;31.12.2019;9;
S.05.01.02.01;R0240;C0040;;11;1;31.12.2019;9;
S.05.01.02.01;R0240;C0050;;11;1;31.12.2019;9;
S.05.01.02.01;R0240;C0060;;11;1;31.12.2019;9;
S.05.01.02.01;R0240;C0070;;11;1;31.12.2019;9;
S.05.01.02.01;R0240;C0080;;11;1;31.12.2019;9;
S.05.01.02.01;R0240;C0090;;11;1;31.12.2019;9;
S.05.01.02.01;R0240;C0100;;11;1;31.12.2019;9;
S.05.01.02.01;R0240;C0110;;11;1;31.12.2019;9;
S.05.01.02.01;R0240;C0120;;11;1;31.12.2019;9;
S.05.01.02.01;R0240;C0130;;11;1;31.12.2019;9;
S.05.01.02.01;R0240;C0140;;11;1;31.12.2019;9;
S.05.01.02.01;R0240;C0150;;11;1;31.12.2019;9;
S.05.01.02.01;R0240;C0160;;11;1;31.12.2019;9;
S.05.01.02.01;R0240;C0200;;11;1;31.12.2019;9;
S.05.01.02.01;R0300;C0010;;11;1;31.12.2019;9;
S.05.01.02.01;R0300;C0020;;11;1;31.12.2019;9;
S.05.01.02.01;R0300;C0030;;11;1;31.12.2019;9;
S.05.01.02.01;R0300;C0040;;11;1;31.12.2019;9;
S.05.01.02.01;R0300;C0050;;11;1;31.12.2019;9;
S.05.01.02.01;R0300;C0060;;11;1;31.12.2019;9;
S.05.01.02.01;R0300;C0070;;11;1;31.12.2019;9;
S.05.01.02.01;R0300;C0080;;11;1;31.12.2019;9;
S.05.01.02.01;R0300;C0090;;11;1;31.12.2019;9;
S.05.01.02.01;R0300;C0100;;11;1;31.12.2019;9;
S.05.01.02.01;R0300;C0110;;11;1;31.12.2019;9;
S.05.01.02.01;R0300;C0120;;11;1;31.12.2019;9;
S.05.01.02.01;R0300;C0130;;11;1;31.12.2019;9;
S.05.01.02.01;R0300;C0140;;11;1;31.12.2019;9;
S.05.01.02.01;R0300;C0150;;11;1;31.12.2019;9;
S.05.01.02.01;R0300;C0160;;11;1;31.12.2019;9;
S.05.01.02.01;R0300;C0200;;11;1;31.12.2019;9;
S.05.01.02.01;R0310;C0010;;11;1;31.12.2019;9;
S.05.01.02.01;R0310;C0020;;11;1;31.12.2019;9;
S.05.01.02.01;R0310;C0030;;11;1;31.12.2019;9;
S.05.01.02.01;R0310;C0040;;11;1;31.12.2019;9;
S.05.01.02.01;R0310;C0050;;11;1;31.12.2019;9;
S.05.01.02.01;R0310;C0060;;11;1;31.12.2019;9;
S.05.01.02.01;R0310;C0070;;11;1;31.12.2019;9;
S.05.01.02.01;R0310;C0080;;11;1;31.12.2019;9;
S.05.01.02.01;R0310;C0090;;11;1;31.12.2019;9;
S.05.01.02.01;R0310;C0100;;11;1;31.12.2019;9;
S.05.01.02.01;R0310;C0110;;11;1;31.12.2019;9;
S.05.01.02.01;R0310;C0120;;11;1;31.12.2019;9;
S.05.01.02.01;R0310;C0130;;11;1;31.12.2019;9;
S.05.01.02.01;R0310;C0140;;11;1;31.12.2019;9;
S.05.01.02.01;R0310;C0150;;11;1;31.12.2019;9;
S.05.01.02.01;R0310;C0160;;11;1;31.12.2019;9;
S.05.01.02.01;R0310;C0200;;11;1;31.12.2019;9;
S.05.01.02.01;R0320;C0010;;11;1;31.12.2019;9;
S.05.01.02.01;R0320;C0020;;11;1;31.12.2019;9;
S.05.01.02.01;R0320;C0030;;11;1;31.12.2019;9;
S.05.01.02.01;R0320;C0040;;11;1;31.12.2019;9;
S.05.01.02.01;R0320;C0050;;11;1;31.12.2019;9;
S.05.01.02.01;R0320;C0060;;11;1;31.12.2019;9;
S.05.01.02.01;R0320;C0070;;11;1;31.12.2019;9;
S.05.01.02.01;R0320;C0080;;11;1;31.12.2019;9;
S.05.01.02.01;R0320;C0090;;11;1;31.12.2019;9;
S.05.01.02.01;R0320;C0100;;11;1;31.12.2019;9;
S.05.01.02.01;R0320;C0110;;11;1;31.12.2019;9;
S.05.01.02.01;R0320;C0120;;11;1;31.12.2019;9;
S.05.01.02.01;R0320;C0130;;11;1;31.12.2019;9;
S.05.01.02.01;R0320;C0140;;11;1;31.12.2019;9;
S.05.01.02.01;R0320;C0150;;11;1;31.12.2019;9;
S.05.01.02.01;R0320;C0160;;11;1;31.12.2019;9;
S.05.01.02.01;R0320;C0200;;11;1;31.12.2019;9;
S.05.01.02.01;R0330;C0010;;11;1;31.12.2019;9;
S.05.01.02.01;R0330;C0020;;11;1;31.12.2019;9;
S.05.01.02.01;R0330;C0030;;11;1;31.12.2019;9;
S.05.01.02.01;R0330;C0040;;11;1;31.12.2019;9;
S.05.01.02.01;R0330;C0050;;11;1;31.12.2019;9;
S.05.01.02.01;R0330;C0060;;11;1;31.12.2019;9;
S.05.01.02.01;R0330;C0070;;11;1;31.12.2019;9;
S.05.01.02.01;R0330;C0080;;11;1;31.12.2019;9;
S.05.01.02.01;R0330;C0090;;11;1;31.12.2019;9;
S.05.01.02.01;R0330;C0100;;11;1;31.12.2019;9;
S.05.01.02.01;R0330;C0110;;11;1;31.12.2019;9;
S.05.01.02.01;R0330;C0120;;11;1;31.12.2019;9;
S.05.01.02.01;R0330;C0130;;11;1;31.12.2019;9;
S.05.01.02.01;R0330;C0140;;11;1;31.12.2019;9;
S.05.01.02.01;R0330;C0150;;11;1;31.12.2019;9;
S.05.01.02.01;R0330;C0160;;11;1;31.12.2019;9;
S.05.01.02.01;R0330;C0200;;11;1;31.12.2019;9;
S.05.01.02.01;R0340;C0010;;11;1;31.12.2019;9;
S.05.01.02.01;R0340;C0020;;11;1;31.12.2019;9;
S.05.01.02.01;R0340;C0030;;11;1;31.12.2019;9;
S.05.01.02.01;R0340;C0040;;11;1;31.12.2019;9;
S.05.01.02.01;R0340;C0050;;11;1;31.12.2019;9;
S.05.01.02.01;R0340;C0060;;11;1;31.12.2019;9;
S.05.01.02.01;R0340;C0070;;11;1;31.12.2019;9;
S.05.01.02.01;R0340;C0080;;11;1;31.12.2019;9;
S.05.01.02.01;R0340;C0090;;11;1;31.12.2019;9;
S.05.01.02.01;R0340;C0100;;11;1;31.12.2019;9;
S.05.01.02.01;R0340;C0110;;11;1;31.12.2019;9;
S.05.01.02.01;R0340;C0120;;11;1;31.12.2019;9;
S.05.01.02.01;R0340;C0130;;11;1;31.12.2019;9;
S.05.01.02.01;R0340;C0140;;11;1;31.12.2019;9;
S.05.01.02.01;R0340;C0150;;11;1;31.12.2019;9;
S.05.01.02.01;R0340;C0160;;11;1;31.12.2019;9;
S.05.01.02.01;R0340;C0200;;11;1;31.12.2019;9;
S.05.01.02.01;R0400;C0010;;11;1;31.12.2019;9;
S.05.01.02.01;R0400;C0020;;11;1;31.12.2019;9;
S.05.01.02.01;R0400;C0030;;11;1;31.12.2019;9;
S.05.01.02.01;R0400;C0040;;11;1;31.12.2019;9;
S.05.01.02.01;R0400;C0050;;11;1;31.12.2019;9;
S.05.01.02.01;R0400;C0060;;11;1;31.12.2019;9;
S.05.01.02.01;R0400;C0070;;11;1;31.12.2019;9;
S.05.01.02.01;R0400;C0080;;11;1;31.12.2019;9;
S.05.01.02.01;R0400;C0090;;11;1;31.12.2019;9;
S.05.01.02.01;R0400;C0100;;11;1;31.12.2019;9;
S.05.01.02.01;R0400;C0110;;11;1;31.12.2019;9;
S.05.01.02.01;R0400;C0120;;11;1;31.12.2019;9;
S.05.01.02.01;R0400;C0130;;11;1;31.12.2019;9;
S.05.01.02.01;R0400;C0140;;11;1;31.12.2019;9;
S.05.01.02.01;R0400;C0150;;11;1;31.12.2019;9;
S.05.01.02.01;R0400;C0160;;11;1;31.12.2019;9;
S.05.01.02.01;R0400;C0200;;11;1;31.12.2019;9;
S.05.01.02.01;R0410;C0010;;11;1;31.12.2019;9;
S.05.01.02.01;R0410;C0020;;11;1;31.12.2019;9;
S.05.01.02.01;R0410;C0030;;11;1;31.12.2019;9;
S.05.01.02.01;R0410;C0040;;11;1;31.12.2019;9;
S.05.01.02.01;R0410;C0050;;11;1;31.12.2019;9;
S.05.01.02.01;R0410;C0060;;11;1;31.12.2019;9;
S.05.01.02.01;R0410;C0070;;11;1;31.12.2019;9;
S.05.01.02.01;R0410;C0080;;11;1;31.12.2019;9;
S.05.01.02.01;R0410;C0090;;11;1;31.12.2019;9;
S.05.01.02.01;R0410;C0100;;11;1;31.12.2019;9;
S.05.01.02.01;R0410;C0110;;11;1;31.12.2019;9;
S.05.01.02.01;R0410;C0120;;11;1;31.12.2019;9;
S.05.01.02.01;R0410;C0130;;11;1;31.12.2019;9;
S.05.01.02.01;R0410;C0140;;11;1;31.12.2019;9;
S.05.01.02.01;R0410;C0150;;11;1;31.12.2019;9;
S.05.01.02.01;R0410;C0160;;11;1;31.12.2019;9;
S.05.01.02.01;R0410;C0200;;11;1;31.12.2019;9;
S.05.01.02.01;R0420;C0010;;11;1;31.12.2019;9;
S.05.01.02.01;R0420;C0020;;11;1;31.12.2019;9;
S.05.01.02.01;R0420;C0030;;11;1;31.12.2019;9;
S.05.01.02.01;R0420;C0040;;11;1;31.12.2019;9;
S.05.01.02.01;R0420;C0050;;11;1;31.12.2019;9;
S.05.01.02.01;R0420;C0060;;11;1;31.12.2019;9;
S.05.01.02.01;R0420;C0070;;11;1;31.12.2019;9;
S.05.01.02.01;R0420;C0080;;11;1;31.12.2019;9;
S.05.01.02.01;R0420;C0090;;11;1;31.12.2019;9;
S.05.01.02.01;R0420;C0100;;11;1;31.12.2019;9;
S.05.01.02.01;R0420;C0110;;11;1;31.12.2019;9;
S.05.01.02.01;R0420;C0120;;11;1;31.12.2019;9;
S.05.01.02.01;R0420;C0130;;11;1;31.12.2019;9;
S.05.01.02.01;R0420;C0140;;11;1;31.12.2019;9;
S.05.01.02.01;R0420;C0150;;11;1;31.12.2019;9;
S.05.01.02.01;R0420;C0160;;11;1;31.12.2019;9;
S.05.01.02.01;R0420;C0200;;11;1;31.12.2019;9;
S.05.01.02.01;R0430;C0010;;11;1;31.12.2019;9;
S.05.01.02.01;R0430;C0020;;11;1;31.12.2019;9;
S.05.01.02.01;R0430;C0030;;11;1;31.12.2019;9;
S.05.01.02.01;R0430;C0040;;11;1;31.12.2019;9;
S.05.01.02.01;R0430;C0050;;11;1;31.12.2019;9;
S.05.01.02.01;R0430;C0060;;11;1;31.12.2019;9;
S.05.01.02.01;R0430;C0070;;11;1;31.12.2019;9;
S.05.01.02.01;R0430;C0080;;11;1;31.12.2019;9;
S.05.01.02.01;R0430;C0090;;11;1;31.12.2019;9;
S.05.01.02.01;R0430;C0100;;11;1;31.12.2019;9;
S.05.01.02.01;R0430;C0110;;11;1;31.12.2019;9;
S.05.01.02.01;R0430;C0120;;11;1;31.12.2019;9;
S.05.01.02.01;R0430;C0130;;11;1;31.12.2019;9;
S.05.01.02.01;R0430;C0140;;11;1;31.12.2019;9;
S.05.01.02.01;R0430;C0150;;11;1;31.12.2019;9;
S.05.01.02.01;R0430;C0160;;11;1;31.12.2019;9;
S.05.01.02.01;R0430;C0200;;11;1;31.12.2019;9;
S.05.01.02.01;R0440;C0010;;11;1;31.12.2019;9;
S.05.01.02.01;R0440;C0020;;11;1;31.12.2019;9;
S.05.01.02.01;R0440;C0030;;11;1;31.12.2019;9;
S.05.01.02.01;R0440;C0040;;11;1;31.12.2019;9;
S.05.01.02.01;R0440;C0050;;11;1;31.12.2019;9;
S.05.01.02.01;R0440;C0060;;11;1;31.12.2019;9;
S.05.01.02.01;R0440;C0070;;11;1;31.12.2019;9;
S.05.01.02.01;R0440;C0080;;11;1;31.12.2019;9;
S.05.01.02.01;R0440;C0090;;11;1;31.12.2019;9;
S.05.01.02.01;R0440;C0100;;11;1;31.12.2019;9;
S.05.01.02.01;R0440;C0110;;11;1;31.12.2019;9;
S.05.01.02.01;R0440;C0120;;11;1;31.12.2019;9;
S.05.01.02.01;R0440;C0130;;11;1;31.12.2019;9;
S.05.01.02.01;R0440;C0140;;11;1;31.12.2019;9;
S.05.01.02.01;R0440;C0150;;11;1;31.12.2019;9;
S.05.01.02.01;R0440;C0160;;11;1;31.12.2019;9;
S.05.01.02.01;R0440;C0200;;11;1;31.12.2019;9;
S.05.01.02.01;R0500;C0010;;11;1;31.12.2019;9;
S.05.01.02.01;R0500;C0020;;11;1;31.12.2019;9;
S.05.01.02.01;R0500;C0030;;11;1;31.12.2019;9;
S.05.01.02.01;R0500;C0040;;11;1;31.12.2019;9;
S.05.01.02.01;R0500;C0050;;11;1;31.12.2019;9;
S.05.01.02.01;R0500;C0060;;11;1;31.12.2019;9;
S.05.01.02.01;R0500;C0070;;11;1;31.12.2019;9;
S.05.01.02.01;R0500;C0080;;11;1;31.12.2019;9;
S.05.01.02.01;R0500;C0090;;11;1;31.12.2019;9;
S.05.01.02.01;R0500;C0100;;11;1;31.12.2019;9;
S.05.01.02.01;R0500;C0110;;11;1;31.12.2019;9;
S.05.01.02.01;R0500;C0120;;11;1;31.12.2019;9;
S.05.01.02.01;R0500;C0130;;11;1;31.12.2019;9;
S.05.01.02.01;R0500;C0140;;11;1;31.12.2019;9;
S.05.01.02.01;R0500;C0150;;11;1;31.12.2019;9;
S.05.01.02.01;R0500;C0160;;11;1;31.12.2019;9;
S.05.01.02.01;R0500;C0200;;11;1;31.12.2019;9;
S.05.01.02.01;R0550;C0010;;11;1;31.12.2019;9;
S.05.01.02.01;R0550;C0020;;11;1;31.12.2019;9;
S.05.01.02.01;R0550;C0030;;11;1;31.12.2019;9;
S.05.01.02.01;R0550;C0040;;11;1;31.12.2019;9;
S.05.01.02.01;R0550;C0050;;11;1;31.12.2019;9;
S.05.01.02.01;R0550;C0060;;11;1;31.12.2019;9;
S.05.01.02.01;R0550;C0070;;11;1;31.12.2019;9;
S.05.01.02.01;R0550;C0080;;11;1;31.12.2019;9;
S.05.01.02.01;R0550;C0090;;11;1;31.12.2019;9;
S.05.01.02.01;R0550;C0100;;11;1;31.12.2019;9;
S.05.01.02.01;R0550;C0110;;11;1;31.12.2019;9;
S.05.01.02.01;R0550;C0120;;11;1;31.12.2019;9;
S.05.01.02.01;R0550;C0130;;11;1;31.12.2019;9;
S.05.01.02.01;R0550;C0140;;11;1;31.12.2019;9;
S.05.01.02.01;R0550;C0150;;11;1;31.12.2019;9;
S.05.01.02.01;R0550;C0160;;11;1;31.12.2019;9;
S.05.01.02.01;R0550;C0200;;11;1;31.12.2019;9;
S.05.01.02.01;R1200;C0010;;11;1;31.12.2019;9;
S.05.01.02.01;R1200;C0020;;11;1;31.12.2019;9;
S.05.01.02.01;R1200;C0030;;11;1;31.12.2019;9;
S.05.01.02.01;R1200;C0040;;11;1;31.12.2019;9;
S.05.01.02.01;R1200;C0050;;11;1;31.12.2019;9;
S.05.01.02.01;R1200;C0060;;11;1;31.12.2019;9;
S.05.01.02.01;R1200;C0070;;11;1;31.12.2019;9;
S.05.01.02.01;R1200;C0080;;11;1;31.12.2019;9;
S.05.01.02.01;R1200;C0090;;11;1;31.12.2019;9;
S.05.01.02.01;R1200;C0100;;11;1;31.12.2019;9;
S.05.01.02.01;R1200;C0110;;11;1;31.12.2019;9;
S.05.01.02.01;R1200;C0120;;11;1;31.12.2019;9;
S.05.01.02.01;R1200;C0130;;11;1;31.12.2019;9;
S.05.01.02.01;R1200;C0140;;11;1;31.12.2019;9;
S.05.01.02.01;R1200;C0150;;11;1;31.12.2019;9;
S.05.01.02.01;R1200;C0160;;11;1;31.12.2019;9;
S.05.01.02.01;R1200;C0200;;11;1;31.12.2019;9;
S.05.01.02.01;R1300;C0010;;11;1;31.12.2019;9;
S.05.01.02.01;R1300;C0020;;11;1;31.12.2019;9;
S.05.01.02.01;R1300;C0030;;11;1;31.12.2019;9;
S.05.01.02.01;R1300;C0040;;11;1;31.12.2019;9;
S.05.01.02.01;R1300;C0050;;11;1;31.12.2019;9;
S.05.01.02.01;R1300;C0060;;11;1;31.12.2019;9;
S.05.01.02.01;R1300;C0070;;11;1;31.12.2019;9;
S.05.01.02.01;R1300;C0080;;11;1;31.12.2019;9;
S.05.01.02.01;R1300;C0090;;11;1;31.12.2019;9;
S.05.01.02.01;R1300;C0100;;11;1;31.12.2019;9;
S.05.01.02.01;R1300;C0110;;11;1;31.12.2019;9;
S.05.01.02.01;R1300;C0120;;11;1;31.12.2019;9;
S.05.01.02.01;R1300;C0130;;11;1;31.12.2019;9;
S.05.01.02.01;R1300;C0140;;11;1;31.12.2019;9;
S.05.01.02.01;R1300;C0150;;11;1;31.12.2019;9;
S.05.01.02.01;R1300;C0160;;11;1;31.12.2019;9;
S.05.01.02.01;R1300;C0200;;11;1;31.12.2019;9;
S.05.01.02.02;R1410;C0210;603101.0;11;1;31.12.2019;9;
S.05.01.02.02;R1410;C0220;603101.0;11;1;31.12.2019;9;
S.05.01.02.02;R1410;C0230;;11;1;31.12.2019;9;
S.05.01.02.02;R1410;C0240;;11;1;31.12.2019;9;
S.05.01.02.02;R1410;C0250;;11;1;31.12.2019;9;
S.05.01.02.02;R1410;C0260;;11;1;31.12.2019;9;
S.05.01.02.02;R1410;C0270;;11;1;31.12.2019;9;
S.05.01.02.02;R1410;C0280;603101.0;11;1;31.12.2019;9;
S.05.01.02.02;R1410;C0300;;11;1;31.12.2019;9;
S.05.01.02.02;R1420;C0210;24846.0;11;1;31.12.2019;9;
S.05.01.02.02;R1420;C0220;24846.0;11;1;31.12.2019;9;
S.05.01.02.02;R1420;C0230;;11;1;31.12.2019;9;
S.05.01.02.02;R1420;C0240;;11;1;31.12.2019;9;
S.05.01.02.02;R1420;C0250;;11;1;31.12.2019;9;
S.05.01.02.02;R1420;C0260;;11;1;31.12.2019;9;
S.05.01.02.02;R1420;C0270;;11;1;31.12.2019;9;
S.05.01.02.02;R1420;C0280;24846.0;11;1;31.12.2019;9;
S.05.01.02.02;R1420;C0300;;11;1;31.12.2019;9;
S.05.01.02.02;R1500;C0210;578255.0;11;1;31.12.2019;9;
S.05.01.02.02;R1500;C0220;578255.0;11;1;31.12.2019;9;
S.05.01.02.02;R1500;C0230;;11;1;31.12.2019;9;
S.05.01.02.02;R1500;C0240;;11;1;31.12.2019;9;
S.05.01.02.02;R1500;C0250;;11;1;31.12.2019;9;
S.05.01.02.02;R1500;C0260;;11;1;31.12.2019;9;
S.05.01.02.02;R1500;C0270;;11;1;31.12.2019;9;
S.05.01.02.02;R1500;C0280;578255.0;11;1;31.12.2019;9;
S.05.01.02.02;R1500;C0300;;11;1;31.12.2019;9;
S.05.01.02.02;R1510;C0210;603577.0;11;1;31.12.2019;9;
S.05.01.02.02;R1510;C0220;603577.0;11;1;31.12.2019;9;
S.05.01.02.02;R1510;C0230;;11;1;31.12.2019;9;
S.05.01.02.02;R1510;C0240;;11;1;31.12.2019;9;
S.05.01.02.02;R1510;C0250;;11;1;31.12.2019;9;
S.05.01.02.02;R1510;C0260;;11;1;31.12.2019;9;
S.05.01.02.02;R1510;C0270;;11;1;31.12.2019;9;
S.05.01.02.02;R1510;C0280;603577.0;11;1;31.12.2019;9;
S.05.01.02.02;R1510;C0300;;11;1;31.12.2019;9;
S.05.01.02.02;R1520;C0210;24761.0;11;1;31.12.2019;9;
S.05.01.02.02;R1520;C0220;24761.0;11;1;31.12.2019;9;
S.05.01.02.02;R1520;C0230;;11;1;31.12.2019;9;
S.05.01.02.02;R1520;C0240;;11;1;31.12.2019;9;
S.05.01.02.02;R1520;C0250;;11;1;31.12.2019;9;
S.05.01.02.02;R1520;C0260;;11;1;31.12.2019;9;
S.05.01.02.02;R1520;C0270;;11;1;31.12.2019;9;
S.05.01.02.02;R1520;C0280;24761.0;11;1;31.12.2019;9;
S.05.01.02.02;R1520;C0300;;11;1;31.12.2019;9;
S.05.01.02.02;R1600;C0210;578816.0;11;1;31.12.2019;9;
S.05.01.02.02;R1600;C0220;578816.0;11;1;31.12.2019;9;
S.05.01.02.02;R1600;C0230;;11;1;31.12.2019;9;
S.05.01.02.02;R1600;C0240;;11;1;31.12.2019;9;
S.05.01.02.02;R1600;C0250;;11;1;31.12.2019;9;
S.05.01.02.02;R1600;C0260;;11;1;31.12.2019;9;
S.05.01.02.02;R1600;C0270;;11;1;31.12.2019;9;
S.05.01.02.02;R1600;C0280;578816.0;11;1;31.12.2019;9;
S.05.01.02.02;R1600;C0300;;11;1;31.12.2019;9;
S.05.01.02.02;R1610;C0210;528408.0;11;1;31.12.2019;9;
S.05.01.02.02;R1610;C0220;528408.0;11;1;31.12.2019;9;
S.05.01.02.02;R1610;C0230;;11;1;31.12.2019;9;
S.05.01.02.02;R1610;C0240;;11;1;31.12.2019;9;
S.05.01.02.02;R1610;C0250;;11;1;31.12.2019;9;
S.05.01.02.02;R1610;C0260;;11;1;31.12.2019;9;
S.05.01.02.02;R1610;C0270;;11;1;31.12.2019;9;
S.05.01.02.02;R1610;C0280;528408.0;11;1;31.12.2019;9;
S.05.01.02.02;R1610;C0300;;11;1;31.12.2019;9;
S.05.01.02.02;R1620;C0210;15479.0;11;1;31.12.2019;9;
S.05.01.02.02;R1620;C0220;15479.0;11;1;31.12.2019;9;
S.05.01.02.02;R1620;C0230;;11;1;31.12.2019;9;
S.05.01.02.02;R1620;C0240;;11;1;31.12.2019;9;
S.05.01.02.02;R1620;C0250;;11;1;31.12.2019;9;
S.05.01.02.02;R1620;C0260;;11;1;31.12.2019;9;
S.05.01.02.02;R1620;C0270;;11;1;31.12.2019;9;
S.05.01.02.02;R1620;C0280;15479.0;11;1;31.12.2019;9;
S.05.01.02.02;R1620;C0300;;11;1;31.12.2019;9;
S.05.01.02.02;R1700;C0210;512929.0;11;1;31.12.2019;9;
S.05.01.02.02;R1700;C0220;512929.0;11;1;31.12.2019;9;
S.05.01.02.02;R1700;C0230;;11;1;31.12.2019;9;
S.05.01.02.02;R1700;C0240;;11;1;31.12.2019;9;
S.05.01.02.02;R1700;C0250;;11;1;31.12.2019;9;
S.05.01.02.02;R1700;C0260;;11;1;31.12.2019;9;
S.05.01.02.02;R1700;C0270;;11;1;31.12.2019;9;
S.05.01.02.02;R1700;C0280;512929.0;11;1;31.12.2019;9;
S.05.01.02.02;R1700;C0300;;11;1;31.12.2019;9;
S.05.01.02.02;R1710;C0210;67935.0;11;1;31.12.2019;9;
S.05.01.02.02;R1710;C0220;67935.0;11;1;31.12.2019;9;
S.05.01.02.02;R1710;C0230;;11;1;31.12.2019;9;
S.05.01.02.02;R1710;C0240;;11;1;31.12.2019;9;
S.05.01.02.02;R1710;C0250;;11;1;31.12.2019;9;
S.05.01.02.02;R1710;C0260;;11;1;31.12.2019;9;
S.05.01.02.02;R1710;C0270;;11;1;31.12.2019;9;
S.05.01.02.02;R1710;C0280;67935.0;11;1;31.12.2019;9;
S.05.01.02.02;R1710;C0300;;11;1;31.12.2019;9;
S.05.01.02.02;R1720;C0210;92.0;11;1;31.12.2019;9;
S.05.01.02.02;R1720;C0220;92.0;11;1;31.12.2019;9;
S.05.01.02.02;R1720;C0230;;11;1;31.12.2019;9;
S.05.01.02.02;R1720;C0240;;11;1;31.12.2019;9;
S.05.01.02.02;R1720;C0250;;11;1;31.12.2019;9;
S.05.01.02.02;R1720;C0260;;11;1;31.12.2019;9;
S.05.01.02.02;R1720;C0270;;11;1;31.12.2019;9;
S.05.01.02.02;R1720;C0280;92.0;11;1;31.12.2019;9;
S.05.01.02.02;R1720;C0300;;11;1;31.12.2019;9;
S.05.01.02.02;R1800;C0210;67843.0;11;1;31.12.2019;9;
S.05.01.02.02;R1800;C0220;67843.0;11;1;31.12.2019;9;
S.05.01.02.02;R1800;C0230;;11;1;31.12.2019;9;
S.05.01.02.02;R1800;C0240;;11;1;31.12.2019;9;
S.05.01.02.02;R1800;C0250;;11;1;31.12.2019;9;
S.05.01.02.02;R1800;C0260;;11;1;31.12.2019;9;
S.05.01.02.02;R1800;C0270;;11;1;31.12.2019;9;
S.05.01.02.02;R1800;C0280;67843.0;11;1;31.12.2019;9;
S.05.01.02.02;R1800;C0300;;11;1;31.12.2019;9;
S.05.01.02.02;R1900;C0210;207079.0;11;1;31.12.2019;9;
S.05.01.02.02;R1900;C0220;207079.0;11;1;31.12.2019;9;
S.05.01.02.02;R1900;C0230;;11;1;31.12.2019;9;
S.05.01.02.02;R1900;C0240;;11;1;31.12.2019;9;
S.05.01.02.02;R1900;C0250;;11;1;31.12.2019;9;
S.05.01.02.02;R1900;C0260;;11;1;31.12.2019;9;
S.05.01.02.02;R1900;C0270;;11;1;31.12.2019;9;
S.05.01.02.02;R1900;C0280;207079.0;11;1;31.12.2019;9;
S.05.01.02.02;R1900;C0300;;11;1;31.12.2019;9;
S.05.01.02.02;R2500;C0210;3903.0;11;1;31.12.2019;9;
S.05.01.02.02;R2500;C0220;;11;1;31.12.2019;9;
S.05.01.02.02;R2500;C0230;;11;1;31.12.2019;9;
S.05.01.02.02;R2500;C0240;;11;1;31.12.2019;9;
S.05.01.02.02;R2500;C0250;;11;1;31.12.2019;9;
S.05.01.02.02;R2500;C0260;;11;1;31.12.2019;9;
S.05.01.02.02;R2500;C0270;;11;1;31.12.2019;9;
S.05.01.02.02;R2500;C0280;3903.0;11;1;31.12.2019;9;
S.05.01.02.02;R2500;C0300;;11;1;31.12.2019;9;
S.05.01.02.02;R2600;C0210;210982.0;11;1;31.12.2019;9;
S.05.01.02.02;R2600;C0220;;11;1;31.12.2019;9;
S.05.01.02.02;R2600;C0230;;11;1;31.12.2019;9;
S.05.01.02.02;R2600;C0240;;11;1;31.12.2019;9;
S.05.01.02.02;R2600;C0250;;11;1;31.12.2019;9;
S.05.01.02.02;R2600;C0260;;11;1;31.12.2019;9;
S.05.01.02.02;R2600;C0270;;11;1;31.12.2019;9;
S.05.01.02.02;R2600;C0280;210982.0;11;1;31.12.2019;9;
S.05.01.02.02;R2600;C0300;;11;1;31.12.2019;9;
S.12.01.02.01;R0010;C0020;0.0;11;1;31.12.2019;9;
S.12.01.02.01;R0010;C0030;0.0;11;1;31.12.2019;9;
S.12.01.02.01;R0010;C0040;;11;1;31.12.2019;9;
S.12.01.02.01;R0010;C0050;;11;1;31.12.2019;9;
S.12.01.02.01;R0010;C0060;0.0;11;1;31.12.2019;9;
S.12.01.02.01;R0010;C0070;;11;1;31.12.2019;9;
S.12.01.02.01;R0010;C0080;;11;1;31.12.2019;9;
S.12.01.02.01;R0010;C0090;0.0;11;1;31.12.2019;9;
S.12.01.02.01;R0010;C0100;0.0;11;1;31.12.2019;9;
S.12.01.02.01;R0010;C0150;;11;1;31.12.2019;9;
S.12.01.02.01;R0010;C0160;0.0;11;1;31.12.2019;9;
S.12.01.02.01;R0010;C0170;;11;1;31.12.2019;9;
S.12.01.02.01;R0010;C0180;;11;1;31.12.2019;9;
S.12.01.02.01;R0010;C0190;0.0;11;1;31.12.2019;9;
S.12.01.02.01;R0010;C0200;0.0;11;1;31.12.2019;9;
S.12.01.02.01;R0010;C0210;0.0;11;1;31.12.2019;9;
S.12.01.02.01;R0020;C0020;0.0;11;1;31.12.2019;9;
S.12.01.02.01;R0020;C0030;0.0;11;1;31.12.2019;9;
S.12.01.02.01;R0020;C0040;;11;1;31.12.2019;9;
S.12.01.02.01;R0020;C0050;;11;1;31.12.2019;9;
S.12.01.02.01;R0020;C0060;0.0;11;1;31.12.2019;9;
S.12.01.02.01;R0020;C0070;;11;1;31.12.2019;9;
S.12.01.02.01;R0020;C0080;;11;1;31.12.2019;9;
S.12.01.02.01;R0020;C0090;0.0;11;1;31.12.2019;9;
S.12.01.02.01;R0020;C0100;0.0;11;1;31.12.2019;9;
S.12.01.02.01;R0020;C0150;;11;1;31.12.2019;9;
S.12.01.02.01;R0020;C0160;0.0;11;1;31.12.2019;9;
S.12.01.02.01;R0020;C0170;;11;1;31.12.2019;9;
S.12.01.02.01;R0020;C0180;;11;1;31.12.2019;9;
S.12.01.02.01;R0020;C0190;0.0;11;1;31.12.2019;9;
S.12.01.02.01;R0020;C0200;0.0;11;1;31.12.2019;9;
S.12.01.02.01;R0020;C0210;0.0;11;1;31.12.2019;9;
S.12.01.02.01;R0030;C0020;223531.0;11;1;31.12.2019;9;
S.12.01.02.01;R0030;C0030;;11;1;31.12.2019;9;
S.12.01.02.01;R0030;C0040;1268049.0;11;1;31.12.2019;9;
S.12.01.02.01;R0030;C0050;229273.0;11;1;31.12.2019;9;
S.12.01.02.01;R0030;C0060;;11;1;31.12.2019;9;
S.12.01.02.01;R0030;C0070;-159029.0;11;1;31.12.2019;9;
S.12.01.02.01;R0030;C0080;3000.0;11;1;31.12.2019;9;
S.12.01.02.01;R0030;C0090;0.0;11;1;31.12.2019;9;
S.12.01.02.01;R0030;C0100;0.0;11;1;31.12.2019;9;
S.12.01.02.01;R0030;C0150;;11;1;31.12.2019;9;
S.12.01.02.01;R0030;C0160;;11;1;31.12.2019;9;
S.12.01.02.01;R0030;C0170;0.0;11;1;31.12.2019;9;
S.12.01.02.01;R0030;C0180;0.0;11;1;31.12.2019;9;
S.12.01.02.01;R0030;C0190;0.0;11;1;31.12.2019;9;
S.12.01.02.01;R0030;C0200;0.0;11;1;31.12.2019;9;
S.12.01.02.01;R0030;C0210;0.0;11;1;31.12.2019;9;
S.12.01.02.01;R0080;C0020;-41.0;11;1;31.12.2019;9;
S.12.01.02.01;R0080;C0030;;11;1;31.12.2019;9;
S.12.01.02.01;R0080;C0040;-1147.0;11;1;31.12.2019;9;
S.12.01.02.01;R0080;C0050;-317.0;11;1;31.12.2019;9;
S.12.01.02.01;R0080;C0060;;11;1;31.12.2019;9;
S.12.01.02.01;R0080;C0070;-10958.0;11;1;31.12.2019;9;
S.12.01.02.01;R0080;C0080;0.0;11;1;31.12.2019;9;
S.12.01.02.01;R0080;C0090;0.0;11;1;31.12.2019;9;
S.12.01.02.01;R0080;C0100;0.0;11;1;31.12.2019;9;
S.12.01.02.01;R0080;C0150;;11;1;31.12.2019;9;
S.12.01.02.01;R0080;C0160;;11;1;31.12.2019;9;
S.12.01.02.01;R0080;C0170;;11;1;31.12.2019;9;
S.12.01.02.01;R0080;C0180;;11;1;31.12.2019;9;
S.12.01.02.01;R0080;C0190;;11;1;31.12.2019;9;
S.12.01.02.01;R0080;C0200;;11;1;31.12.2019;9;
S.12.01.02.01;R0080;C0210;;11;1;31.12.2019;9;
S.12.01.02.01;R0090;C0020;223572.0;11;1;31.12.2019;9;
S.12.01.02.01;R0090;C0030;;11;1;31.12.2019;9;
S.12.01.02.01;R0090;C0040;1269196.0;11;1;31.12.2019;9;
S.12.01.02.01;R0090;C0050;229590.0;11;1;31.12.2019;9;
S.12.01.02.01;R0090;C0060;;11;1;31.12.2019;9;
S.12.01.02.01;R0090;C0070;-148071.0;11;1;31.12.2019;9;
S.12.01.02.01;R0090;C0080;3000.0;11;1;31.12.2019;9;
S.12.01.02.01;R0090;C0090;0.0;11;1;31.12.2019;9;
S.12.01.02.01;R0090;C0100;0.0;11;1;31.12.2019;9;
S.12.01.02.01;R0090;C0150;;11;1;31.12.2019;9;
S.12.01.02.01;R0090;C0160;;11;1;31.12.2019;9;
S.12.01.02.01;R0090;C0170;;11;1;31.12.2019;9;
S.12.01.02.01;R0090;C0180;;11;1;31.12.2019;9;
S.12.01.02.01;R0090;C0190;;11;1;31.12.2019;9;
S.12.01.02.01;R0090;C0200;;11;1;31.12.2019;9;
S.12.01.02.01;R0090;C0210;;11;1;31.12.2019;9;
S.12.01.02.01;R0100;C0020;1272.0;11;1;31.12.2019;9;
S.12.01.02.01;R0100;C0030;38103.0;11;1;31.12.2019;9;
S.12.01.02.01;R0100;C0040;;11;1;31.12.2019;9;
S.12.01.02.01;R0100;C0050;;11;1;31.12.2019;9;
S.12.01.02.01;R0100;C0060;50750.0;11;1;31.12.2019;9;
S.12.01.02.01;R0100;C0070;;11;1;31.12.2019;9;
S.12.01.02.01;R0100;C0080;;11;1;31.12.2019;9;
S.12.01.02.01;R0100;C0090;0.0;11;1;31.12.2019;9;
S.12.01.02.01;R0100;C0100;0.0;11;1;31.12.2019;9;
S.12.01.02.01;R0100;C0150;;11;1;31.12.2019;9;
S.12.01.02.01;R0100;C0160;;11;1;31.12.2019;9;
S.12.01.02.01;R0100;C0170;;11;1;31.12.2019;9;
S.12.01.02.01;R0100;C0180;;11;1;31.12.2019;9;
S.12.01.02.01;R0100;C0190;0.0;11;1;31.12.2019;9;
S.12.01.02.01;R0100;C0200;0.0;11;1;31.12.2019;9;
S.12.01.02.01;R0100;C0210;0.0;11;1;31.12.2019;9;
S.12.01.02.01;R0110;C0020;0.0;11;1;31.12.2019;9;
S.12.01.02.01;R0110;C0030;0.0;11;1;31.12.2019;9;
S.12.01.02.01;R0110;C0040;;11;1;31.12.2019;9;
S.12.01.02.01;R0110;C0050;;11;1;31.12.2019;9;
S.12.01.02.01;R0110;C0060;0.0;11;1;31.12.2019;9;
S.12.01.02.01;R0110;C0070;;11;1;31.12.2019;9;
S.12.01.02.01;R0110;C0080;0.0;11;1;31.12.2019;9;
S.12.01.02.01;R0110;C0090;0.0;11;1;31.12.2019;9;
S.12.01.02.01;R0110;C0100;0.0;11;1;31.12.2019;9;
S.12.01.02.01;R0110;C0150;;11;1;31.12.2019;9;
S.12.01.02.01;R0110;C0160;;11;1;31.12.2019;9;
S.12.01.02.01;R0110;C0170;;11;1;31.12.2019;9;
S.12.01.02.01;R0110;C0180;;11;1;31.12.2019;9;
S.12.01.02.01;R0110;C0190;0.0;11;1;31.12.2019;9;
S.12.01.02.01;R0110;C0200;0.0;11;1;31.12.2019;9;
S.12.01.02.01;R0110;C0210;0.0;11;1;31.12.2019;9;
S.12.01.02.01;R0120;C0020;0.0;11;1;31.12.2019;9;
S.12.01.02.01;R0120;C0030;;11;1;31.12.2019;9;
S.12.01.02.01;R0120;C0040;0.0;11;1;31.12.2019;9;
S.12.01.02.01;R0120;C0050;0.0;11;1;31.12.2019;9;
S.12.01.02.01;R0120;C0060;;11;1;31.12.2019;9;
S.12.01.02.01;R0120;C0070;0.0;11;1;31.12.2019;9;
S.12.01.02.01;R0120;C0080;0.0;11;1;31.12.2019;9;
S.12.01.02.01;R0120;C0090;0.0;11;1;31.12.2019;9;
S.12.01.02.01;R0120;C0100;0.0;11;1;31.12.2019;9;
S.12.01.02.01;R0120;C0150;;11;1;31.12.2019;9;
S.12.01.02.01;R0120;C0160;;11;1;31.12.2019;9;
S.12.01.02.01;R0120;C0170;0.0;11;1;31.12.2019;9;
S.12.01.02.01;R0120;C0180;0.0;11;1;31.12.2019;9;
S.12.01.02.01;R0120;C0190;0.0;11;1;31.12.2019;9;
S.12.01.02.01;R0120;C0200;0.0;11;1;31.12.2019;9;
S.12.01.02.01;R0120;C0210;0.0;11;1;31.12.2019;9;
S.12.01.02.01;R0130;C0020;0.0;11;1;31.12.2019;9;
S.12.01.02.01;R0130;C0030;0.0;11;1;31.12.2019;9;
S.12.01.02.01;R0130;C0040;;11;1;31.12.2019;9;
S.12.01.02.01;R0130;C0050;;11;1;31.12.2019;9;
S.12.01.02.01;R0130;C0060;0.0;11;1;31.12.2019;9;
S.12.01.02.01;R0130;C0070;;11;1;31.12.2019;9;
S.12.01.02.01;R0130;C0080;;11;1;31.12.2019;9;
S.12.01.02.01;R0130;C0090;0.0;11;1;31.12.2019;9;
S.12.01.02.01;R0130;C0100;0.0;11;1;31.12.2019;9;
S.12.01.02.01;R0130;C0150;;11;1;31.12.2019;9;
S.12.01.02.01;R0130;C0160;;11;1;31.12.2019;9;
S.12.01.02.01;R0130;C0170;;11;1;31.12.2019;9;
S.12.01.02.01;R0130;C0180;;11;1;31.12.2019;9;
S.12.01.02.01;R0130;C0190;0.0;11;1;31.12.2019;9;
S.12.01.02.01;R0130;C0200;0.0;11;1;31.12.2019;9;
S.12.01.02.01;R0130;C0210;0.0;11;1;31.12.2019;9;
S.12.01.02.01;R0200;C0020;224803.0;11;1;31.12.2019;9;
S.12.01.02.01;R0200;C0030;1535425.0;11;1;31.12.2019;9;
S.12.01.02.01;R0200;C0040;;11;1;31.12.2019;9;
S.12.01.02.01;R0200;C0050;;11;1;31.12.2019;9;
S.12.01.02.01;R0200;C0060;-105279.0;11;1;31.12.2019;9;
S.12.01.02.01;R0200;C0070;;11;1;31.12.2019;9;
S.12.01.02.01;R0200;C0080;;11;1;31.12.2019;9;
S.12.01.02.01;R0200;C0090;0.0;11;1;31.12.2019;9;
S.12.01.02.01;R0200;C0100;0.0;11;1;31.12.2019;9;
S.12.01.02.01;R0200;C0150;;11;1;31.12.2019;9;
S.12.01.02.01;R0200;C0160;;11;1;31.12.2019;9;
S.12.01.02.01;R0200;C0170;;11;1;31.12.2019;9;
S.12.01.02.01;R0200;C0180;;11;1;31.12.2019;9;
S.12.01.02.01;R0200;C0190;0.0;11;1;31.12.2019;9;
S.12.01.02.01;R0200;C0200;0.0;11;1;31.12.2019;9;
S.12.01.02.01;R0200;C0210;0.0;11;1;31.12.2019;9;
S.23.01.01.01;R0010;C0010;118631.0;11;1;31.12.2019;9;
S.23.01.01.01;R0010;C0020;118631.0;11;1;31.12.2019;9;
S.23.01.01.01;R0010;C0030;;11;1;31.12.2019;9;
S.23.01.01.01;R0010;C0040;0.0;11;1;31.12.2019;9;
S.23.01.01.01;R0010;C0050;;11;1;31.12.2019;9;
S.23.01.01.01;R0030;C0010;69735.0;11;1;31.12.2019;9;
S.23.01.01.01;R0030;C0020;69735.0;11;1;31.12.2019;9;
S.23.01.01.01;R0030;C0030;;11;1;31.12.2019;9;
S.23.01.01.01;R0030;C0040;0.0;11;1;31.12.2019;9;
S.23.01.01.01;R0030;C0050;;11;1;31.12.2019;9;
S.23.01.01.01;R0040;C0010;0.0;11;1;31.12.2019;9;
S.23.01.01.01;R0040;C0020;0.0;11;1;31.12.2019;9;
S.23.01.01.01;R0040;C0030;;11;1;31.12.2019;9;
S.23.01.01.01;R0040;C0040;0.0;11;1;31.12.2019;9;
S.23.01.01.01;R0040;C0050;;11;1;31.12.2019;9;
S.23.01.01.01;R0050;C0010;0.0;11;1;31.12.2019;9;
S.23.01.01.01;R0050;C0020;;11;1;31.12.2019;9;
S.23.01.01.01;R0050;C0030;0.0;11;1;31.12.2019;9;
S.23.01.01.01;R0050;C0040;0.0;11;1;31.12.2019;9;
S.23.01.01.01;R0050;C0050;0.0;11;1;31.12.2019;9;
S.23.01.01.01;R0070;C0010;0.0;11;1;31.12.2019;9;
S.23.01.01.01;R0070;C0020;0.0;11;1;31.12.2019;9;
S.23.01.01.01;R0070;C0030;;11;1;31.12.2019;9;
S.23.01.01.01;R0070;C0040;;11;1;31.12.2019;9;
S.23.01.01.01;R0070;C0050;;11;1;31.12.2019;9;
S.23.01.01.01;R0090;C0010;0.0;11;1;31.12.2019;9;
S.23.01.01.01;R0090;C0020;;11;1;31.12.2019;9;
S.23.01.01.01;R0090;C0030;0.0;11;1;31.12.2019;9;
S.23.01.01.01;R0090;C0040;0.0;11;1;31.12.2019;9;
S.23.01.01.01;R0090;C0050;0.0;11;1;31.12.2019;9;
S.23.01.01.01;R0110;C0010;0.0;11;1;31.12.2019;9;
S.23.01.01.01;R0110;C0020;;11;1;31.12.2019;9;
S.23.01.01.01;R0110;C0030;0.0;11;1;31.12.2019;9;
S.23.01.01.01;R0110;C0040;0.0;11;1;31.12.2019;9;
S.23.01.01.01;R0110;C0050;0.0;11;1;31.12.2019;9;
S.23.01.01.01;R0130;C0010;581413.0;11;1;31.12.2019;9;
S.23.01.01.01;R0130;C0020;581413.0;11;1;31.12.2019;9;
S.23.01.01.01;R0130;C0030;;11;1;31.12.2019;9;
S.23.01.01.01;R0130;C0040;;11;1;31.12.2019;9;
S.23.01.01.01;R0130;C0050;;11;1;31.12.2019;9;
S.23.01.01.01;R0140;C0010;0.0;11;1;31.12.2019;9;
S.23.01.01.01;R0140;C0020;;11;1;31.12.2019;9;
S.23.01.01.01;R0140;C0030;0.0;11;1;31.12.2019;9;
S.23.01.01.01;R0140;C0040;0.0;11;1;31.12.2019;9;
S.23.01.01.01;R0140;C0050;0.0;11;1;31.12.2019;9;
S.23.01.01.01;R0160;C0010;0.0;11;1;31.12.2019;9;
S.23.01.01.01;R0160;C0020;;11;1;31.12.2019;9;
S.23.01.01.01;R0160;C0030;;11;1;31.12.2019;9;
S.23.01.01.01;R0160;C0040;;11;1;31.12.2019;9;
S.23.01.01.01;R0160;C0050;0.0;11;1;31.12.2019;9;
S.23.01.01.01;R0180;C0010;0.0;11;1;31.12.2019;9;
S.23.01.01.01;R0180;C0020;0.0;11;1;31.12.2019;9;
S.23.01.01.01;R0180;C0030;0.0;11;1;31.12.2019;9;
S.23.01.01.01;R0180;C0040;0.0;11;1;31.12.2019;9;
S.23.01.01.01;R0180;C0050;0.0;11;1;31.12.2019;9;
S.23.01.01.01;R0220;C0010;0.0;11;1;31.12.2019;9;
S.23.01.01.01;R0220;C0020;;11;1;31.12.2019;9;
S.23.01.01.01;R0220;C0030;;11;1;31.12.2019;9;
S.23.01.01.01;R0220;C0040;;11;1;31.12.2019;9;
S.23.01.01.01;R0220;C0050;;11;1;31.12.2019;9;
S.23.01.01.01;R0230;C0010;0.0;11;1;31.12.2019;9;
S.23.01.01.01;R0230;C0020;0.0;11;1;31.12.2019;9;
S.23.01.01.01;R0230;C0030;0.0;11;1;31.12.2019;9;
S.23.01.01.01;R0230;C0040;0.0;11;1;31.12.2019;9;
S.23.01.01.01;R0230;C0050;;11;1;31.12.2019;9;
S.23.01.01.01;R0290;C0010;769779.0;11;1;31.12.2019;9;
S.23.01.01.01;R0290;C0020;769779.0;11;1;31.12.2019;9;
S.23.01.01.01;R0290;C0030;0.0;11;1;31.12.2019;9;
S.23.01.01.01;R0290;C0040;0.0;11;1;31.12.2019;9;
S.23.01.01.01;R0290;C0050;0.0;11;1;31.12.2019;9;
S.23.01.01.01;R0300;C0010;0.0;11;1;31.12.2019;9;
S.23.01.01.01;R0300;C0020;;11;1;31.12.2019;9;
S.23.01.01.01;R0300;C0030;;11;1;31.12.2019;9;
S.23.01.01.01;R0300;C0040;0.0;11;1;31.12.2019;9;
S.23.01.01.01;R0300;C0050;;11;1;31.12.2019;9;
S.23.01.01.01;R0310;C0010;0.0;11;1;31.12.2019;9;
S.23.01.01.01;R0310;C0020;;11;1;31.12.2019;9;
S.23.01.01.01;R0310;C0030;;11;1;31.12.2019;9;
S.23.01.01.01;R0310;C0040;0.0;11;1;31.12.2019;9;
S.23.01.01.01;R0310;C0050;;11;1;31.12.2019;9;
S.23.01.01.01;R0320;C0010;0.0;11;1;31.12.2019;9;
S.23.01.01.01;R0320;C0020;;11;1;31.12.2019;9;
S.23.01.01.01;R0320;C0030;;11;1;31.12.2019;9;
S.23.01.01.01;R0320;C0040;0.0;11;1;31.12.2019;9;
S.23.01.01.01;R0320;C0050;0.0;11;1;31.12.2019;9;
S.23.01.01.01;R0330;C0010;0.0;11;1;31.12.2019;9;
S.23.01.01.01;R0330;C0020;;11;1;31.12.2019;9;
S.23.01.01.01;R0330;C0030;;11;1;31.12.2019;9;
S.23.01.01.01;R0330;C0040;0.0;11;1;31.12.2019;9;
S.23.01.01.01;R0330;C0050;0.0;11;1;31.12.2019;9;
S.23.01.01.01;R0340;C0010;0.0;11;1;31.12.2019;9;
S.23.01.01.01;R0340;C0020;;11;1;31.12.2019;9;
S.23.01.01.01;R0340;C0030;;11;1;31.12.2019;9;
S.23.01.01.01;R0340;C0040;0.0;11;1;31.12.2019;9;
S.23.01.01.01;R0340;C0050;;11;1;31.12.2019;9;
S.23.01.01.01;R0350;C0010;0.0;11;1;31.12.2019;9;
S.23.01.01.01;R0350;C0020;;11;1;31.12.2019;9;
S.23.01.01.01;R0350;C0030;;11;1;31.12.2019;9;
S.23.01.01.01;R0350;C0040;0.0;11;1;31.12.2019;9;
S.23.01.01.01;R0350;C0050;0.0;11;1;31.12.2019;9;
S.23.01.01.01;R0360;C0010;0.0;11;1;31.12.2019;9;
S.23.01.01.01;R0360;C0020;;11;1;31.12.2019;9;
S.23.01.01.01;R0360;C0030;;11;1;31.12.2019;9;
S.23.01.01.01;R0360;C0040;0.0;11;1;31.12.2019;9;
S.23.01.01.01;R0360;C0050;;11;1;31.12.2019;9;
S.23.01.01.01;R0370;C0010;0.0;11;1;31.12.2019;9;
S.23.01.01.01;R0370;C0020;;11;1;31.12.2019;9;
S.23.01.01.01;R0370;C0030;;11;1;31.12.2019;9;
S.23.01.01.01;R0370;C0040;0.0;11;1;31.12.2019;9;
S.23.01.01.01;R0370;C0050;0.0;11;1;31.12.2019;9;
S.23.01.01.01;R0390;C0010;0.0;11;1;31.12.2019;9;
S.23.01.01.01;R0390;C0020;;11;1;31.12.2019;9;
S.23.01.01.01;R0390;C0030;;11;1;31.12.2019;9;
S.23.01.01.01;R0390;C0040;0.0;11;1;31.12.2019;9;
S.23.01.01.01;R0390;C0050;0.0;11;1;31.12.2019;9;
S.23.01.01.01;R0400;C0010;0.0;11;1;31.12.2019;9;
S.23.01.01.01;R0400;C0020;;11;1;31.12.2019;9;
S.23.01.01.01;R0400;C0030;;11;1;31.12.2019;9;
S.23.01.01.01;R0400;C0040;0.0;11;1;31.12.2019;9;
S.23.01.01.01;R0400;C0050;0.0;11;1;31.12.2019;9;
S.23.01.01.01;R0500;C0010;769779.0;11;1;31.12.2019;9;
S.23.01.01.01;R0500;C0020;769779.0;11;1;31.12.2019;9;
S.23.01.01.01;R0500;C0030;0.0;11;1;31.12.2019;9;
S.23.01.01.01;R0500;C0040;0.0;11;1;31.12.2019;9;
S.23.01.01.01;R0500;C0050;0.0;11;1;31.12.2019;9;
S.23.01.01.01;R0510;C0010;693716.0;11;1;31.12.2019;9;
S.23.01.01.01;R0510;C0020;693716.0;11;1;31.12.2019;9;
S.23.01.01.01;R0510;C0030;0.0;11;1;31.12.2019;9;
S.23.01.01.01;R0510;C0040;0.0;11;1;31.12.2019;9;
S.23.01.01.01;R0510;C0050;;11;1;31.12.2019;9;
S.23.01.01.01;R0540;C0010;693716.0;11;1;31.12.2019;9;
S.23.01.01.01;R0540;C0020;693716.0;11;1;31.12.2019;9;
S.23.01.01.01;R0540;C0030;0.0;11;1;31.12.2019;9;
S.23.01.01.01;R0540;C0040;0.0;11;1;31.12.2019;9;
S.23.01.01.01;R0540;C0050;0.0;11;1;31.12.2019;9;
S.23.01.01.01;R0550;C0010;693716.0;11;1;31.12.2019;9;
S.23.01.01.01;R0550;C0020;693716.0;11;1;31.12.2019;9;
S.23.01.01.01;R0550;C0030;0.0;11;1;31.12.2019;9;
S.23.01.01.01;R0550;C0040;0.0;11;1;31.12.2019;9;
S.23.01.01.01;R0550;C0050;;11;1;31.12.2019;9;
S.23.01.01.01;R0580;C0010;223401.0;11;1;31.12.2019;9;
S.23.01.01.01;R0580;C0020;;11;1;31.12.2019;9;
S.23.01.01.01;R0580;C0030;;11;1;31.12.2019;9;
S.23.01.01.01;R0580;C0040;;11;1;31.12.2019;9;
S.23.01.01.01;R0580;C0050;;11;1;31.12.2019;9;
S.23.01.01.01;R0600;C0010;60408.0;11;1;31.12.2019;9;
S.23.01.01.01;R0600;C0020;;11;1;31.12.2019;9;
S.23.01.01.01;R0600;C0030;;11;1;31.12.2019;9;
S.23.01.01.01;R0600;C0040;;11;1;31.12.2019;9;
S.23.01.01.01;R0600;C0050;;11;1;31.12.2019;9;
S.23.01.01.01;R0620;C0010;;11;1;31.12.2019;9;
S.23.01.01.01;R0620;C0020;;11;1;31.12.2019;9;
S.23.01.01.01;R0620;C0030;;11;1;31.12.2019;9;
S.23.01.01.01;R0620;C0040;;11;1;31.12.2019;9;
S.23.01.01.01;R0620;C0050;;11;1;31.12.2019;9;
S.23.01.01.01;R0640;C0010;;11;1;31.12.2019;9;
S.23.01.01.01;R0640;C0020;;11;1;31.12.2019;9;
S.23.01.01.01;R0640;C0030;;11;1;31.12.2019;9;
S.23.01.01.01;R0640;C0040;;11;1;31.12.2019;9;
S.23.01.01.01;R0640;C0050;;11;1;31.12.2019;9;
S.23.01.01.02;R0700;C0060;;11;1;31.12.2019;9;
S.23.01.01.02;R0710;C0060;;11;1;31.12.2019;9;
S.23.01.01.02;R0720;C0060;2755.0;11;1;31.12.2019;9;
S.23.01.01.02;R0730;C0060;;11;1;31.12.2019;9;
S.23.01.01.02;R0740;C0060;0.0;11;1;31.12.2019;9;
S.23.01.01.02;R0760;C0060;;11;1;31.12.2019;9;
S.23.01.01.02;R0770;C0060;;11;1;31.12.2019;9;
S.23.01.01.02;R0780;C0060;0.0;11;1;31.12.2019;9;
S.23.01.01.02;R0790;C0060;;11;1;31.12.2019;9;
S.25.01.21.01;R0010;C0110;;11;1;31.12.2019;9;
S.25.01.21.01;R0010;C0120;;11;1;31.12.2019;9;
S.25.01.21.01;R0020;C0110;;11;1;31.12.2019;9;
S.25.01.21.01;R0020;C0120;;11;1;31.12.2019;9;
S.25.01.21.01;R0030;C0110;;11;1;31.12.2019;9;
S.25.01.21.01;R0030;C0120;;11;1;31.12.2019;9;
S.25.01.21.01;R0040;C0110;;11;1;31.12.2019;9;
S.25.01.21.01;R0040;C0120;;11;1;31.12.2019;9;
S.25.01.21.01;R0050;C0110;;11;1;31.12.2019;9;
S.25.01.21.01;R0050;C0120;;11;1;31.12.2019;9;
S.25.01.21.01;R0060;C0110;;11;1;31.12.2019;9;
S.25.01.21.01;R0060;C0120;;11;1;31.12.2019;9;
S.25.01.21.01;R0070;C0110;;11;1;31.12.2019;9;
S.25.01.21.01;R0070;C0120;;11;1;31.12.2019;9;
S.25.01.21.01;R0100;C0110;;11;1;31.12.2019;9;
S.25.01.21.01;R0100;C0120;;11;1;31.12.2019;9;
S.25.01.21.02;R0130;C0100;;11;1;31.12.2019;9;
S.25.01.21.02;R0140;C0100;;11;1;31.12.2019;9;
S.25.01.21.02;R0150;C0100;;11;1;31.12.2019;9;
S.25.01.21.02;R0160;C0100;;11;1;31.12.2019;9;
S.25.01.21.02;R0200;C0100;;11;1;31.12.2019;9;
S.25.01.21.02;R0210;C0100;;11;1;31.12.2019;9;
S.25.01.21.02;R0220;C0100;;11;1;31.12.2019;9;
S.25.01.21.02;R0400;C0100;;11;1;31.12.2019;9;
S.25.01.21.02;R0410;C0100;;11;1;31.12.2019;9;
S.25.01.21.02;R0420;C0100;;11;1;31.12.2019;9;
S.25.01.21.02;R0430;C0100;;11;1;31.12.2019;9;
S.25.01.21.02;R0440;C0100;;11;1;31.12.2019;9;
S.25.01.21.03;R0030;C0090;0.0;11;1;31.12.2019;9;
S.25.01.21.03;R0040;C0090;0.0;11;1;31.12.2019;9;
S.25.01.21.03;R0050;C0090;0.0;11;1;31.12.2019;9;
S.25.01.21.04;R0590;C0109;;11;1;31.12.2019;9;
S.25.01.21.05;R0640;C0130;;11;1;31.12.2019;9;
S.25.01.21.05;R0650;C0130;;11;1;31.12.2019;9;
S.25.01.21.05;R0660;C0130;;11;1;31.12.2019;9;
S.25.01.21.05;R0670;C0130;;11;1;31.12.2019;9;
S.25.01.21.05;R0680;C0130;;11;1;31.12.2019;9;
S.25.01.21.05;R0690;C0130;;11;1;31.12.2019;9;
S.28.01.01.01;R0010;C0010;;11;1;31.12.2019;9;
S.28.01.01.02;R0020;C0020;;11;1;31.12.2019;9;
S.28.01.01.02;R0020;C0030;;11;1;31.12.2019;9;
S.28.01.01.02;R0030;C0020;;11;1;31.12.2019;9;
S.28.01.01.02;R0030;C0030;;11;1;31.12.2019;9;
S.28.01.01.02;R0040;C0020;;11;1;31.12.2019;9;
S.28.01.01.02;R0040;C0030;;11;1;31.12.2019;9;
S.28.01.01.02;R0050;C0020;;11;1;31.12.2019;9;
S.28.01.01.02;R0050;C0030;;11;1;31.12.2019;9;
S.28.01.01.02;R0060;C0020;;11;1;31.12.2019;9;
S.28.01.01.02;R0060;C0030;;11;1;31.12.2019;9;
S.28.01.01.02;R0070;C0020;;11;1;31.12.2019;9;
S.28.01.01.02;R0070;C0030;;11;1;31.12.2019;9;
S.28.01.01.02;R0080;C0020;;11;1;31.12.2019;9;
S.28.01.01.02;R0080;C0030;;11;1;31.12.2019;9;
S.28.01.01.02;R0090;C0020;;11;1;31.12.2019;9;
S.28.01.01.02;R0090;C0030;;11;1;31.12.2019;9;
S.28.01.01.02;R0100;C0020;;11;1;31.12.2019;9;
S.28.01.01.02;R0100;C0030;;11;1;31.12.2019;9;
S.28.01.01.02;R0110;C0020;;11;1;31.12.2019;9;
S.28.01.01.02;R0110;C0030;;11;1;31.12.2019;9;
S.28.01.01.02;R0120;C0020;;11;1;31.12.2019;9;
S.28.01.01.02;R0120;C0030;;11;1;31.12.2019;9;
S.28.01.01.02;R0130;C0020;;11;1;31.12.2019;9;
S.28.01.01.02;R0130;C0030;;11;1;31.12.2019;9;
S.28.01.01.02;R0140;C0020;;11;1;31.12.2019;9;
S.28.01.01.02;R0140;C0030;;11;1;31.12.2019;9;
S.28.01.01.02;R0150;C0020;;11;1;31.12.2019;9;
S.28.01.01.02;R0150;C0030;;11;1;31.12.2019;9;
S.28.01.01.02;R0160;C0020;;11;1;31.12.2019;9;
S.28.01.01.02;R0160;C0030;;11;1;31.12.2019;9;
S.28.01.01.02;R0170;C0020;;11;1;31.12.2019;9;
S.28.01.01.02;R0170;C0030;;11;1;31.12.2019;9;
S.28.01.01.03;R0200;C0040;;11;1;31.12.2019;9;
S.28.01.01.04;R0210;C0050;218955.0;11;1;31.12.2019;9;
S.28.01.01.04;R0210;C0060;;11;1;31.12.2019;9;
S.28.01.01.04;R0220;C0050;4617.0;11;1;31.12.2019;9;
S.28.01.01.04;R0220;C0060;;11;1;31.12.2019;9;
S.28.01.01.04;R0230;C0050;1498786.0;11;1;31.12.2019;9;
S.28.01.01.04;R0230;C0060;;11;1;31.12.2019;9;
S.28.01.01.04;R0240;C0050;0.0;11;1;31.12.2019;9;
S.28.01.01.04;R0240;C0060;;11;1;31.12.2019;9;
S.28.01.01.04;R0250;C0050;;11;1;31.12.2019;9;
S.28.01.01.04;R0250;C0060;60078237.0;11;1;31.12.2019;9;
S.28.01.01.05;R0300;C0070;;11;1;31.12.2019;9;
S.28.01.01.05;R0310;C0070;;11;1;31.12.2019;9;
S.28.01.01.05;R0320;C0070;;11;1;31.12.2019;9;
S.28.01.01.05;R0330;C0070;;11;1;31.12.2019;9;
S.28.01.01.05;R0340;C0070;;11;1;31.12.2019;9;
S.28.01.01.05;R0350;C0070;;11;1;31.12.2019;9;
S.28.01.01.05;R0400;C0070;;11;1;31.12.2019;9;
